<?xml version="1.0" encoding="UTF-8"?>
<sdk_components>
  <sdk_component Cbundle="MCUXpresso SDK" Cclass="Operating System" Cgroup="FreeRTOS Operating System" Csub="freertos" Cvendor="NXP" id="middleware.freertos" name="Amazon-FreeRTOS Kernel" prj_file="FreeRTOSConfig.h" version="10.0.1" version_prj_files="FreeRTOS.h">
    <!--{"tag": "REL_SDK_2.4.0_REL8_RFP_RC4_1_PRE_FIX", "created": "2018-05-15 17:49:24.089000"}-->
  </sdk_component>
  <sdk_component Cbundle="MCUXpresso SDK" Cclass="Operating System" Cgroup="FreeRTOS Operating System" Csub="freertos" Cvendor="NXP" id="middleware.freertos" name="FreeRTOS" prj_file="FreeRTOSConfig.h" version="9.0.0" version_prj_files="FreeRTOS.h"/>
  <sdk_component Cbundle="MCUXpresso SDK" Cclass="Device" Cgroup="SDK Drivers" Csub="adc" Cvendor="NXP" id="platform.drivers.adc16" name="ADC16 Driver" prj_file="fsl_adc16.c" version="2.0.0" version_prj_files="fsl_adc16.h"/>
  <sdk_component Cbundle="MCUXpresso SDK" Cclass="Device" Cgroup="SDK Drivers" Csub="clock" Cvendor="NXP" id="platform.drivers.clock" name="Clock Driver" prj_file="fsl_clock.c" version="2.1.0" version_prj_files="fsl_clock.h"/>
  <sdk_component Cbundle="MCUXpresso SDK" Cclass="Device" Cgroup="SDK Drivers" Csub="cmp" Cvendor="NXP" id="platform.drivers.cmp" name="CMP Driver" prj_file="fsl_cmp.c" version="2.0.0" version_prj_files="fsl_cmp.h"/>
  <sdk_component Cbundle="MCUXpresso SDK" Cclass="Device" Cgroup="SDK Drivers" Csub="cmt" Cvendor="NXP" id="platform.drivers.cmt" name="CMT Driver" prj_file="fsl_cmt.c" version="2.0.1" version_prj_files="fsl_cmt.h"/>
  <sdk_component Cbundle="MCUXpresso SDK" Cclass="Device" Cgroup="SDK Drivers" Csub="common" Cvendor="NXP" id="platform.drivers.common" name="COMMON Driver" prj_file="fsl_common.c" version="2.0.0" version_prj_files="fsl_common.h"/>
  <sdk_component Cbundle="MCUXpresso SDK" Cclass="Device" Cgroup="SDK Drivers" Csub="crc" Cvendor="NXP" id="platform.drivers.crc" name="CRC Driver" prj_file="fsl_crc.c" version="2.0.1" version_prj_files="fsl_crc.h"/>
  <sdk_component Cbundle="MCUXpresso SDK" Cclass="Device" Cgroup="SDK Drivers" Csub="dac" Cvendor="NXP" id="platform.drivers.dac" name="DAC Driver" prj_file="fsl_dac.c" version="2.0.1" version_prj_files="fsl_dac.h"/>
  <sdk_component Cbundle="MCUXpresso SDK" Cclass="Device" Cgroup="SDK Drivers" Csub="dmamux" Cvendor="NXP" id="platform.drivers.dmamux" name="DMAMUX Driver" prj_file="fsl_dmamux.c" version="2.0.2" version_prj_files="fsl_dmamux.h"/>
  <sdk_component id="platform.drivers.dspi" name="DSPI Driver" prj_file="fsl_dspi.c" version="2.1.4" version_prj_files="fsl_dspi.h"/>
  <sdk_component Cbundle="MCUXpresso SDK" Cclass="Device" Cgroup="SDK Drivers" Csub="dspi" Cvendor="NXP" id="platform.drivers.dspi" name="DSPI Driver" prj_file="fsl_dspi.c" version="2.2.0" version_prj_files="fsl_dspi.h"/>
  <sdk_component Cbundle="MCUXpresso SDK" Cclass="Device" Cgroup="SDK Drivers" Csub="dspi_dma" Cvendor="NXP" id="platform.drivers.dspi_dma" name="DSPI Driver" prj_file="fsl_dspi_dma.c" version="2.2.0" version_prj_files="fsl_dspi_dma.h"/>
  <sdk_component Cbundle="MCUXpresso SDK" Cclass="Device" Cgroup="SDK Drivers" Csub="dspi_edma" Cvendor="NXP" id="platform.drivers.dspi_edma" name="DSPI_EDMA Driver" prj_file="fsl_dspi_edma.c" version="2.2.0" version_prj_files="fsl_dspi_edma.h"/>
  <sdk_component Cbundle="MCUXpresso SDK" Cclass="Device" Cgroup="SDK Drivers" Csub="dspi_freertos" Cvendor="NXP" id="platform.drivers.dspi_freertos" name="DSPI Driver" prj_file="fsl_dspi_freertos.c" version="2.2.0" version_prj_files="fsl_dspi_freertos.h"/>
  <sdk_component id="platform.drivers.edma" name="EDMA Driver" prj_file="fsl_edma.c" version="2.1.1" version_prj_files="fsl_edma.h fsl_edma_request.h"/>
  <sdk_component Cbundle="MCUXpresso SDK" Cclass="Device" Cgroup="SDK Drivers" Csub="edma" Cvendor="NXP" id="platform.drivers.edma" name="EDMA Driver" prj_file="fsl_edma.c" version="2.1.2" version_prj_files="fsl_edma.h"/>
  <sdk_component id="platform.drivers.enet" name="ENET Driver" prj_file="fsl_enet.c" version="2.1.1" version_prj_files="fsl_enet.h"/>
  <sdk_component Cbundle="MCUXpresso SDK" Cclass="Device" Cgroup="SDK Drivers" Csub="enet" Cvendor="NXP" id="platform.drivers.enet" name="ENET Driver" prj_file="fsl_enet.c" version="2.2.2" version_prj_files="fsl_enet.h"/>
  <sdk_component Cbundle="MCUXpresso SDK" Cclass="Device" Cgroup="SDK Drivers" Csub="enet" Cvendor="NXP" id="platform.drivers.enet" name="ENET Driver" prj_file="fsl_enet.c" version="2.2.3" version_prj_files="fsl_enet.h">
    <!--{"tag": "REL_SDK_2.4.0_REL8_RFP_RC4_1_PRE_FIX", "created": "2018-05-15 17:49:24.089000"}-->
  </sdk_component>
  <sdk_component Cbundle="MCUXpresso SDK" Cclass="Device" Cgroup="SDK Drivers" Csub="ewm" Cvendor="NXP" id="platform.drivers.ewm" name="EWM Driver" prj_file="fsl_ewm.c" version="2.0.1" version_prj_files="fsl_ewm.h"/>
  <sdk_component id="platform.drivers.flash" name="Flash Driver" prj_file="fsl_flash.c" version="2.2.0" version_prj_files="fsl_flash.h"/>
  <sdk_component Cbundle="MCUXpresso SDK" Cclass="Device" Cgroup="SDK Drivers" Csub="flash" Cvendor="NXP" id="platform.drivers.flash" name="Flash Driver" prj_file="fsl_flash.c" version="2.4.1" version_prj_files="fsl_flash.h"/>
  <sdk_component Cbundle="MCUXpresso SDK" Cclass="Device" Cgroup="SDK Drivers" Csub="flash" Cvendor="NXP" id="platform.drivers.flash" name="Flash Driver" prj_file="fsl_ftfx_cache.c" version="3.0.0" version_prj_files="fsl_flash.h fsl_ftfx_adapter.h fsl_ftfx_cache.h fsl_ftfx_controller.h fsl_ftfx_features.h fsl_ftfx_flash.h fsl_ftfx_flexnvm.h fsl_ftfx_utilities.h">
    <!--{"tag": "REL_SDK_2.4.0_REL8_RFP_RC4_1_PRE_FIX", "created": "2018-05-15 17:49:24.089000"}-->
  </sdk_component>
  <sdk_component Cbundle="MCUXpresso SDK" Cclass="Device" Cgroup="SDK Drivers" Csub="flexbus" Cvendor="NXP" id="platform.drivers.flexbus" name="FLEXBUS Driver" prj_file="fsl_flexbus.c" version="2.0.1" version_prj_files="fsl_flexbus.h"/>
  <sdk_component Cbundle="MCUXpresso SDK" Cclass="Device" Cgroup="SDK Drivers" Csub="flexcan" Cvendor="NXP" id="platform.drivers.flexcan" name="FLEXCAN Driver" prj_file="fsl_flexcan.c" version="2.2.0" version_prj_files="fsl_flexcan.h"/>
  <sdk_component Cbundle="MCUXpresso SDK" Cclass="Device" Cgroup="SDK Drivers" Csub="flexcan_edma" Cvendor="NXP" id="platform.drivers.flexcan_edma" name="FLEXCAN Driver" prj_file="fsl_flexcan_edma.c" version="2.2.0" version_prj_files="fsl_flexcan_edma.h"/>
  <sdk_component Cbundle="MCUXpresso SDK" Cclass="Device" Cgroup="SDK Drivers" Csub="ftm" Cvendor="NXP" id="platform.drivers.ftm" name="FTM Driver" prj_file="fsl_ftm.c" version="2.0.2" version_prj_files="fsl_ftm.h"/>
  <sdk_component Cbundle="MCUXpresso SDK" Cclass="Device" Cgroup="SDK Drivers" Csub="ftm" Cvendor="NXP" id="platform.drivers.ftm" name="FTM Driver" prj_file="fsl_ftm.c" version="2.0.4" version_prj_files="fsl_ftm.h">
    <!--{"tag": "REL_SDK_2.4.0_REL8_RFP_RC4_1_PRE_FIX", "created": "2018-05-15 17:49:24.089000"}-->
  </sdk_component>
  <sdk_component id="platform.drivers.gpio" name="GPIO Driver" prj_file="fsl_gpio.c" version="2.1.1" version_prj_files="fsl_gpio.h"/>
  <sdk_component Cbundle="MCUXpresso SDK" Cclass="Device" Cgroup="SDK Drivers" Csub="gpio" Cvendor="NXP" id="platform.drivers.gpio" name="GPIO Driver" prj_file="fsl_gpio.c" version="2.2.1" version_prj_files="fsl_gpio.h"/>
  <sdk_component id="platform.drivers.i2c" name="I2C Driver" prj_file="fsl_i2c.c" version="2.0.3" version_prj_files="fsl_i2c.h"/>
  <sdk_component Cbundle="MCUXpresso SDK" Cclass="Device" Cgroup="SDK Drivers" Csub="i2c" Cvendor="NXP" id="platform.drivers.i2c" name="I2C Driver" prj_file="fsl_i2c.c" version="2.0.5" version_prj_files="fsl_i2c.h"/>
  <sdk_component Cbundle="MCUXpresso SDK" Cclass="Device" Cgroup="SDK Drivers" Csub="i2c_dma" Cvendor="NXP" id="platform.drivers.i2c_dma" name="I2C Driver" prj_file="fsl_i2c_dma.c" version="2.0.5" version_prj_files="fsl_i2c_dma.h"/>
  <sdk_component Cbundle="MCUXpresso SDK" Cclass="Device" Cgroup="SDK Drivers" Csub="i2c_edma" Cvendor="NXP" id="platform.drivers.i2c_edma" name="I2C Driver" prj_file="fsl_i2c_edma.c" version="2.0.5" version_prj_files="fsl_i2c_edma.h"/>
  <sdk_component Cbundle="MCUXpresso SDK" Cclass="Device" Cgroup="SDK Drivers" Csub="i2c_freertos" Cvendor="NXP" id="platform.drivers.i2c_freertos" name="I2C Driver" prj_file="fsl_i2c_freertos.c" version="2.0.5" version_prj_files="fsl_i2c_freertos.h"/>
  <sdk_component Cbundle="MCUXpresso SDK" Cclass="Device" Cgroup="SDK Drivers" Csub="llwu" Cvendor="NXP" id="platform.drivers.llwu" name="LLWU Driver" prj_file="fsl_llwu.c" version="2.0.1" version_prj_files="fsl_llwu.h"/>
  <sdk_component id="platform.drivers.lptmr" name="LPTMR Driver" prj_file="fsl_lptmr.c" version="2.0.0" version_prj_files="fsl_lptmr.h"/>
  <sdk_component Cbundle="MCUXpresso SDK" Cclass="Device" Cgroup="SDK Drivers" Csub="lptmr" Cvendor="NXP" id="platform.drivers.lptmr" name="LPTMR Driver" prj_file="fsl_lptmr.c" version="2.0.1" version_prj_files="fsl_lptmr.h"/>
  <sdk_component Cbundle="MCUXpresso SDK" Cclass="Device" Cgroup="SDK Drivers" Csub="pdb" Cvendor="NXP" id="platform.drivers.pdb" name="PDB Driver" prj_file="fsl_pdb.c" version="2.0.1" version_prj_files="fsl_pdb.h"/>
  <sdk_component Cbundle="MCUXpresso SDK" Cclass="Device" Cgroup="SDK Drivers" Csub="pit" Cvendor="NXP" id="platform.drivers.pit" name="PIT Driver" prj_file="fsl_pit.c" version="2.0.0" version_prj_files="fsl_pit.h"/>
  <sdk_component Cbundle="MCUXpresso SDK" Cclass="Device" Cgroup="SDK Drivers" Csub="pmc" Cvendor="NXP" id="platform.drivers.pmc" name="PMC Driver" prj_file="fsl_pmc.c" version="2.0.0" version_prj_files="fsl_pmc.h"/>
  <sdk_component Cbundle="MCUXpresso SDK" Cclass="Device" Cgroup="SDK Drivers" Csub="port" Cvendor="NXP" id="platform.drivers.port" name="PORT Driver" prj_file="fsl_port.h" version="2.0.2" version_prj_files="fsl_port.h"/>
  <sdk_component Cbundle="MCUXpresso SDK" Cclass="Device" Cgroup="SDK Drivers" Csub="rcm" Cvendor="NXP" id="platform.drivers.rcm" name="RCM Driver" prj_file="fsl_rcm.c" version="2.0.1" version_prj_files="fsl_rcm.h"/>
  <sdk_component Cbundle="MCUXpresso SDK" Cclass="Device" Cgroup="SDK Drivers" Csub="rnga" Cvendor="NXP" id="platform.drivers.rnga" name="RNGA Driver" prj_file="fsl_rnga.c" version="2.0.1" version_prj_files="fsl_rnga.h"/>
  <sdk_component Cbundle="MCUXpresso SDK" Cclass="Device" Cgroup="SDK Drivers" Csub="rtc" Cvendor="NXP" id="platform.drivers.rtc" name="RTC Driver" prj_file="fsl_rtc.c" version="2.0.0" version_prj_files="fsl_rtc.h"/>
  <sdk_component id="platform.drivers.sai" name="SAI Driver" prj_file="fsl_sai.c" version="2.1.1" version_prj_files="fsl_sai.h"/>
  <sdk_component Cbundle="MCUXpresso SDK" Cclass="Device" Cgroup="SDK Drivers" Csub="sai" Cvendor="NXP" id="platform.drivers.sai" name="SAI Driver" prj_file="fsl_sai.c" version="2.1.3" version_prj_files="fsl_sai.h"/>
  <sdk_component Cbundle="MCUXpresso SDK" Cclass="Device" Cgroup="SDK Drivers" Csub="sai" Cvendor="NXP" id="platform.drivers.sai" name="SAI Driver" prj_file="fsl_sai.c" version="2.1.4" version_prj_files="fsl_sai.h">
    <!--{"tag": "REL_SDK_2.4.0_REL8_RFP_RC4_1_PRE_FIX", "created": "2018-05-15 17:49:24.089000"}-->
  </sdk_component>
  <sdk_component Cbundle="MCUXpresso SDK" Cclass="Device" Cgroup="SDK Drivers" Csub="sai_dma" Cvendor="NXP" id="platform.drivers.sai_dma" name="SAI Driver" prj_file="fsl_sai_dma.c" version="2.1.3" version_prj_files="fsl_sai_dma.h"/>
  <sdk_component Cbundle="MCUXpresso SDK" Cclass="Device" Cgroup="SDK Drivers" Csub="sai_dma" Cvendor="NXP" id="platform.drivers.sai_dma" name="SAI Driver" prj_file="fsl_sai_dma.c" version="2.1.4" version_prj_files="fsl_sai_dma.h">
    <!--{"tag": "REL_SDK_2.4.0_REL8_RFP_RC4_1_PRE_FIX", "created": "2018-05-15 17:49:24.089000"}-->
  </sdk_component>
  <sdk_component Cbundle="MCUXpresso SDK" Cclass="Device" Cgroup="SDK Drivers" Csub="sai_edma" Cvendor="NXP" id="platform.drivers.sai_edma" name="SAI Driver" prj_file="fsl_sai_edma.c" version="2.1.3" version_prj_files="fsl_sai_edma.h"/>
  <sdk_component Cbundle="MCUXpresso SDK" Cclass="Device" Cgroup="SDK Drivers" Csub="sai_edma" Cvendor="NXP" id="platform.drivers.sai_edma" name="SAI Driver" prj_file="fsl_sai_edma.c" version="2.1.4" version_prj_files="fsl_sai_edma.h">
    <!--{"tag": "REL_SDK_2.4.0_REL8_RFP_RC4_1_PRE_FIX", "created": "2018-05-15 17:49:24.089000"}-->
  </sdk_component>
  <sdk_component Cbundle="MCUXpresso SDK" Cclass="Device" Cgroup="SDK Drivers" Csub="sai_sdma" Cvendor="NXP" id="platform.drivers.sai_sdma" name="SAI Driver" prj_file="fsl_sai_sdma.c" version="2.1.3" version_prj_files="fsl_sai_sdma.h"/>
  <sdk_component Cbundle="MCUXpresso SDK" Cclass="Device" Cgroup="SDK Drivers" Csub="sai_sdma" Cvendor="NXP" id="platform.drivers.sai_sdma" name="SAI Driver" prj_file="fsl_sai_sdma.c" version="2.1.4" version_prj_files="fsl_sai_sdma.h">
    <!--{"tag": "REL_SDK_2.4.0_REL8_RFP_RC4_1_PRE_FIX", "created": "2018-05-15 17:49:24.089000"}-->
  </sdk_component>
  <sdk_component Cbundle="MCUXpresso SDK" Cclass="Device" Cgroup="SDK Drivers" Csub="sdhc" Cvendor="NXP" id="platform.drivers.sdhc" name="SDHC Driver" prj_file="fsl_sdhc.c" version="2.0.0" version_prj_files="fsl_sdhc.h"/>
  <sdk_component id="platform.drivers.sdhc" name="SDHC Driver" prj_file="fsl_sdhc.c" version="2.1.5" version_prj_files="fsl_sdhc.h"/>
  <sdk_component Cbundle="MCUXpresso SDK" Cclass="Device" Cgroup="SDK Drivers" Csub="sdhc" Cvendor="NXP" id="platform.drivers.sdhc" name="SDHC Driver" prj_file="fsl_sdhc.c" version="2.1.7" version_prj_files="fsl_sdhc.h">
    <!--{"tag": "REL_SDK_2.4.0_REL8_RFP_RC4_1_PRE_FIX", "created": "2018-05-15 17:49:24.089000"}-->
  </sdk_component>
  <sdk_component id="platform.drivers.sim" name="SIM Driver" prj_file="fsl_sim.c" version="2.0.0" version_prj_files="fsl_sim.h"/>
  <sdk_component Cbundle="MCUXpresso SDK" Cclass="Device" Cgroup="SDK Drivers" Csub="sim" Cvendor="NXP" id="platform.drivers.sim" name="SIM Driver" prj_file="fsl_sim.c" version="2.1.0" version_prj_files="fsl_sim.h"/>
  <sdk_component Cbundle="MCUXpresso SDK" Cclass="Device" Cgroup="SDK Drivers" Csub="smc" Cvendor="NXP" id="platform.drivers.smc" name="SMC Driver" prj_file="fsl_smc.c" version="2.0.3" version_prj_files="fsl_smc.h"/>
  <sdk_component Cbundle="MCUXpresso SDK" Cclass="Device" Cgroup="SDK Drivers" Csub="sysmpu" Cvendor="NXP" id="platform.drivers.sysmpu" name="SYSMPU Driver" prj_file="fsl_sysmpu.c" version="2.2.0" version_prj_files="fsl_sysmpu.h"/>
  <sdk_component Cbundle="MCUXpresso SDK" Cclass="Device" Cgroup="SDK Drivers" Csub="sysmpu" Cvendor="NXP" id="platform.drivers.sysmpu" name="SYSMPU Driver" prj_file="fsl_sysmpu.c" version="2.2.1" version_prj_files="fsl_sysmpu.h">
    <!--{"tag": "REL_SDK_2.4.0_REL8_RFP_RC4_1_PRE_FIX", "created": "2018-05-15 17:49:24.089000"}-->
  </sdk_component>
  <sdk_component id="platform.drivers.uart" name="UART Driver" prj_file="fsl_uart.c" version="2.1.4" version_prj_files="fsl_uart.h"/>
  <sdk_component Cbundle="MCUXpresso SDK" Cclass="Device" Cgroup="SDK Drivers" Csub="uart" Cvendor="NXP" id="platform.drivers.uart" name="UART Driver" prj_file="fsl_uart.c" version="2.1.5" version_prj_files="fsl_uart.h"/>
  <sdk_component Cbundle="MCUXpresso SDK" Cclass="Device" Cgroup="SDK Drivers" Csub="uart_dma" Cvendor="NXP" id="platform.drivers.uart_dma" name="UART Driver" prj_file="fsl_uart_dma.c" version="2.1.5" version_prj_files="fsl_uart_dma.h"/>
  <sdk_component Cbundle="MCUXpresso SDK" Cclass="Device" Cgroup="SDK Drivers" Csub="uart_edma" Cvendor="NXP" id="platform.drivers.uart_edma" name="UART Driver" prj_file="fsl_uart_edma.c" version="2.1.5" version_prj_files="fsl_uart_edma.h"/>
  <sdk_component Cbundle="MCUXpresso SDK" Cclass="Device" Cgroup="SDK Drivers" Csub="uart_freertos" Cvendor="NXP" id="platform.drivers.uart_freertos" name="UART Driver" prj_file="fsl_uart_freertos.c" version="2.1.5" version_prj_files="fsl_uart_freertos.h"/>
  <sdk_component Cbundle="MCUXpresso SDK" Cclass="Device" Cgroup="SDK Drivers" Csub="vref" Cvendor="NXP" id="platform.drivers.vref" name="VREF Driver" prj_file="fsl_vref.c" version="2.1.0" version_prj_files="fsl_vref.h">
    <!--{"tag": "REL_SDK_2.4.0_REL8_RFP_RC4_1_PRE_FIX", "created": "2018-05-16 14:47:23.657000"}-->
  </sdk_component>
  <sdk_component Cbundle="MCUXpresso SDK" Cclass="Device" Cgroup="SDK Drivers" Csub="wdog" Cvendor="NXP" id="platform.drivers.wdog" name="WDOG Driver" prj_file="fsl_wdog.c" version="2.0.0" version_prj_files="fsl_wdog.h"/>
  <sdk_component id="middleware.usb.device_stack" name="USB device stack" prj_file="usb_device_dci.c" version="2.1.0" version_prj_files="usb.h">
    <!--{"tag": "REL_2.5.0_REL9_RFP_RC2_2", "created": "2018-12-11 12:30:50 +0800"}-->
  </sdk_component>
  <sdk_component id="middleware.usb.host_stack" name="USB host stack" prj_file="usb_host_hci.c" version="2.1.0" version_prj_files="usb.h">
    <!--{"tag": "REL_2.5.0_REL9_RFP_RC2_2", "created": "2018-12-11 12:30:50 +0800"}-->
  </sdk_component>
  <sdk_component id="middleware.usb.otg_stack" name="USB OTG stack" prj_file="usb_otg_oci.c" version="2.1.0" version_prj_files="usb.h">
    <!--{"tag": "REL_2.5.0_REL9_RFP_RC2_2", "created": "2018-12-11 12:30:50 +0800"}-->
  </sdk_component>
  <sdk_component Cbundle="MCUXpresso SDK" Cclass="Device" Cgroup="SDK Drivers" Csub="common" Cvendor="NXP" id="platform.drivers.common" name="COMMON Driver" prj_file="fsl_common.c" version="2.0.1" version_prj_files="fsl_common.h">
    <!--{"tag": "REL_2.5.0_REL9_RFP_RC2_2", "created": "2018-12-11 12:30:50 +0800"}-->
  </sdk_component>
  <sdk_component Cbundle="MCUXpresso SDK" Cclass="Device" Cgroup="SDK Drivers" Csub="edma" Cvendor="NXP" id="platform.drivers.edma" name="EDMA Driver" prj_file="fsl_edma.c" version="2.1.4" version_prj_files="fsl_edma.h">
    <!--{"tag": "REL_2.5.0_REL9_RFP_RC2_2", "created": "2018-12-11 12:30:50 +0800"}-->
  </sdk_component>
  <sdk_component Cbundle="MCUXpresso SDK" Cclass="Device" Cgroup="SDK Drivers" Csub="flexbus" Cvendor="NXP" id="platform.drivers.flexbus" name="FLEXBUS Driver" prj_file="fsl_flexbus.c" version="2.0.2" version_prj_files="fsl_flexbus.h">
    <!--{"tag": "REL_2.5.0_REL9_RFP_RC2_2", "created": "2018-12-11 12:30:50 +0800"}-->
  </sdk_component>
  <sdk_component Cbundle="MCUXpresso SDK" Cclass="Device" Cgroup="SDK Drivers" Csub="flexcan" Cvendor="NXP" id="platform.drivers.flexcan" name="FLEXCAN Driver" prj_file="fsl_flexcan.c" version="2.3.2" version_prj_files="fsl_flexcan.h">
    <!--{"tag": "REL_2.5.0_REL9_RFP_RC2_2", "created": "2018-12-11 12:30:50 +0800"}-->
  </sdk_component>
  <sdk_component Cbundle="MCUXpresso SDK" Cclass="Device" Cgroup="SDK Drivers" Csub="ftm" Cvendor="NXP" id="platform.drivers.ftm" name="FTM Driver" prj_file="fsl_ftm.c" version="2.1.0" version_prj_files="fsl_ftm.h">
    <!--{"tag": "REL_2.5.0_REL9_RFP_RC2_2", "created": "2018-12-11 12:30:50 +0800"}-->
  </sdk_component>
  <sdk_component Cbundle="MCUXpresso SDK" Cclass="Device" Cgroup="SDK Drivers" Csub="gpio" Cvendor="NXP" id="platform.drivers.gpio" name="GPIO Driver" prj_file="fsl_gpio.c" version="2.3.1" version_prj_files="fsl_gpio.h">
    <!--{"tag": "REL_2.5.0_REL9_RFP_RC2_2", "created": "2018-12-11 12:30:50 +0800"}-->
  </sdk_component>
  <sdk_component Cbundle="MCUXpresso SDK" Cclass="Device" Cgroup="SDK Drivers" Csub="i2c" Cvendor="NXP" id="platform.drivers.i2c" name="I2C Driver" prj_file="fsl_i2c.c" version="2.0.6" version_prj_files="fsl_i2c.h">
    <!--{"tag": "REL_2.5.0_REL9_RFP_RC2_2", "created": "2018-12-11 12:30:50 +0800"}-->
  </sdk_component>
  <sdk_component Cbundle="MCUXpresso SDK" Cclass="Device" Cgroup="SDK Drivers" Csub="i2c_edma" Cvendor="NXP" id="platform.drivers.i2c_edma" name="I2C Driver" prj_file="fsl_i2c_edma.c" version="2.0.6" version_prj_files="fsl_i2c_edma.h">
    <!--{"tag": "REL_2.5.0_REL9_RFP_RC2_2", "created": "2018-12-11 12:30:50 +0800"}-->
  </sdk_component>
  <sdk_component Cbundle="MCUXpresso SDK" Cclass="Device" Cgroup="SDK Drivers" Csub="i2c_freertos" Cvendor="NXP" id="platform.drivers.i2c_freertos" name="I2C Driver" prj_file="fsl_i2c_freertos.c" version="2.0.6" version_prj_files="fsl_i2c_freertos.h">
    <!--{"tag": "REL_2.5.0_REL9_RFP_RC2_2", "created": "2018-12-11 12:30:50 +0800"}-->
  </sdk_component>
  <sdk_component Cbundle="MCUXpresso SDK" Cclass="Device" Cgroup="SDK Drivers" Csub="llwu" Cvendor="NXP" id="platform.drivers.llwu" name="LLWU Driver" prj_file="fsl_llwu.c" version="2.0.2" version_prj_files="fsl_llwu.h">
    <!--{"tag": "REL_2.5.0_REL9_RFP_RC2_2", "created": "2018-12-11 12:30:50 +0800"}-->
  </sdk_component>
  <sdk_component Cbundle="MCUXpresso SDK" Cclass="Device" Cgroup="SDK Drivers" Csub="pit" Cvendor="NXP" id="platform.drivers.pit" name="PIT Driver" prj_file="fsl_pit.c" version="2.0.1" version_prj_files="fsl_pit.h">
    <!--{"tag": "REL_2.5.0_REL9_RFP_RC2_2", "created": "2018-12-11 12:30:50 +0800"}-->
  </sdk_component>
  <sdk_component Cbundle="MCUXpresso SDK" Cclass="Device" Cgroup="SDK Drivers" Csub="port" Cvendor="NXP" id="platform.drivers.port" name="PORT Driver" prj_file="fsl_port.h" version="2.1.0" version_prj_files="fsl_port.h">
    <!--{"tag": "REL_2.5.0_REL9_RFP_RC2_2", "created": "2018-12-11 12:30:50 +0800"}-->
  </sdk_component>
  <sdk_component Cbundle="MCUXpresso SDK" Cclass="Device" Cgroup="SDK Drivers" Csub="rtc" Cvendor="NXP" id="platform.drivers.rtc" name="RTC Driver" prj_file="fsl_rtc.c" version="2.1.0" version_prj_files="fsl_rtc.h">
    <!--{"tag": "REL_2.5.0_REL9_RFP_RC2_2", "created": "2018-12-11 12:30:50 +0800"}-->
  </sdk_component>
  <sdk_component Cbundle="MCUXpresso SDK" Cclass="Device" Cgroup="SDK Drivers" Csub="sai" Cvendor="NXP" id="platform.drivers.sai" name="SAI Driver" prj_file="fsl_sai.c" version="2.1.7" version_prj_files="fsl_sai.h">
    <!--{"tag": "REL_2.5.0_REL9_RFP_RC2_2", "created": "2018-12-11 12:30:50 +0800"}-->
  </sdk_component>
  <sdk_component Cbundle="MCUXpresso SDK" Cclass="Device" Cgroup="SDK Drivers" Csub="sai_edma" Cvendor="NXP" id="platform.drivers.sai_edma" name="SAI Driver" prj_file="fsl_sai_edma.c" version="2.1.5" version_prj_files="fsl_sai_edma.h">
    <!--{"tag": "REL_2.5.0_REL9_RFP_RC2_2", "created": "2018-12-11 12:30:50 +0800"}-->
  </sdk_component>
  <sdk_component Cbundle="MCUXpresso SDK" Cclass="Device" Cgroup="SDK Drivers" Csub="sdhc" Cvendor="NXP" id="platform.drivers.sdhc" name="SDHC Driver" prj_file="fsl_sdhc.c" version="2.1.8" version_prj_files="fsl_sdhc.h">
    <!--{"tag": "REL_2.5.0_REL9_RFP_RC2_2", "created": "2018-12-11 12:30:50 +0800"}-->
  </sdk_component>
  <sdk_component Cbundle="MCUXpresso SDK" Cclass="Device" Cgroup="SDK Drivers" Csub="smc" Cvendor="NXP" id="platform.drivers.smc" name="SMC Driver" prj_file="fsl_smc.c" version="2.0.4" version_prj_files="fsl_smc.h">
    <!--{"tag": "REL_2.5.0_REL9_RFP_RC2_2", "created": "2018-12-11 12:30:50 +0800"}-->
  </sdk_component>
  <sdk_component Cbundle="MCUXpresso SDK" Cclass="Device" Cgroup="SDK Drivers" Csub="uart" Cvendor="NXP" id="platform.drivers.uart" name="UART Driver" prj_file="fsl_uart.c" version="2.1.6" version_prj_files="fsl_uart.h">
    <!--{"tag": "REL_2.5.0_REL9_RFP_RC2_2", "created": "2018-12-11 12:30:50 +0800"}-->
  </sdk_component>
  <sdk_component Cbundle="MCUXpresso SDK" Cclass="Device" Cgroup="SDK Drivers" Csub="uart_edma" Cvendor="NXP" id="platform.drivers.uart_edma" name="UART Driver" prj_file="fsl_uart_edma.c" version="2.1.6" version_prj_files="fsl_uart_edma.h">
    <!--{"tag": "REL_2.5.0_REL9_RFP_RC2_2", "created": "2018-12-11 12:30:50 +0800"}-->
  </sdk_component>
  <sdk_component Cbundle="MCUXpresso SDK" Cclass="Device" Cgroup="SDK Drivers" Csub="uart_freertos" Cvendor="NXP" id="platform.drivers.uart_freertos" name="UART Driver" prj_file="fsl_uart_freertos.c" version="2.1.6" version_prj_files="fsl_uart_freertos.h">
    <!--{"tag": "REL_2.5.0_REL9_RFP_RC2_2", "created": "2018-12-11 12:30:50 +0800"}-->
  </sdk_component>
  <sdk_component id="middleware.usb.stack_common" name="USB common" prj_file="usb.h" version="2.1.0" version_prj_files="usb.h">
    <!--{"tag": "REL_2.5.0_REL9_RFP_RC3_7_1", "created": "2019-04-23 17:27:08 +0800"}-->
  </sdk_component>
  <sdk_component id="middleware.usb.device_stack" name="USB device stack" prj_file="usb_device_dci.c" version="2.2.0" version_prj_files="usb.h">
    <!--{"tag": "REL_2.6.0_REL10_RFP_RC3_4", "created": "2019-06-12 12:33:04 +0800"}-->
  </sdk_component>
  <sdk_component id="middleware.usb.host_stack" name="USB host stack" prj_file="usb_host_hci.c" version="2.2.0" version_prj_files="usb.h">
    <!--{"tag": "REL_2.6.0_REL10_RFP_RC3_4", "created": "2019-06-12 12:33:04 +0800"}-->
  </sdk_component>
  <sdk_component id="middleware.usb.otg_stack" name="USB OTG stack" prj_file="usb_otg_oci.c" version="2.2.0" version_prj_files="usb.h">
    <!--{"tag": "REL_2.6.0_REL10_RFP_RC3_4", "created": "2019-06-12 12:33:04 +0800"}-->
  </sdk_component>
  <sdk_component id="middleware.usb.stack_common" name="USB common" prj_file="usb.h" version="2.2.0" version_prj_files="usb.h">
    <!--{"tag": "REL_2.6.0_REL10_RFP_RC3_4", "created": "2019-06-12 12:33:04 +0800"}-->
  </sdk_component>
  <sdk_component Cbundle="MCUXpresso SDK" Cclass="Device" Cgroup="SDK Drivers" Csub="adc" Cvendor="NXP" id="platform.drivers.adc16" name="ADC16 Driver" prj_file="fsl_adc16.c" version="2.0.2" version_prj_files="fsl_adc16.h">
    <!--{"tag": "REL_2.6.0_REL10_RFP_RC3_4", "created": "2019-06-12 12:33:04 +0800"}-->
  </sdk_component>
  <sdk_component Cbundle="MCUXpresso SDK" Cclass="Device" Cgroup="SDK Drivers" Csub="cmp" Cvendor="NXP" id="platform.drivers.cmp" name="CMP Driver" prj_file="fsl_cmp.c" version="2.0.1" version_prj_files="fsl_cmp.h">
    <!--{"tag": "REL_2.6.0_REL10_RFP_RC3_4", "created": "2019-06-12 12:33:04 +0800"}-->
  </sdk_component>
  <sdk_component Cbundle="MCUXpresso SDK" Cclass="Device" Cgroup="SDK Drivers" Csub="cmt" Cvendor="NXP" id="platform.drivers.cmt" name="CMT Driver" prj_file="fsl_cmt.c" version="2.0.2" version_prj_files="fsl_cmt.h">
    <!--{"tag": "REL_2.6.0_REL10_RFP_RC3_4", "created": "2019-06-12 12:33:04 +0800"}-->
  </sdk_component>
  <sdk_component Cbundle="MCUXpresso SDK" Cclass="Device" Cgroup="SDK Drivers" Csub="common" Cvendor="NXP" id="platform.drivers.common" name="COMMON Driver" prj_file="fsl_common.c" version="2.1.0" version_prj_files="fsl_common.h">
    <!--{"tag": "REL_2.6.0_REL10_RFP_RC3_4", "created": "2019-06-12 12:33:04 +0800"}-->
  </sdk_component>
  <sdk_component Cbundle="MCUXpresso SDK" Cclass="Device" Cgroup="SDK Drivers" Csub="dspi" Cvendor="NXP" id="platform.drivers.dspi" name="DSPI Driver" prj_file="fsl_dspi.c" version="2.2.1" version_prj_files="fsl_dspi.h">
    <!--{"tag": "REL_2.6.0_REL10_RFP_RC3_4", "created": "2019-06-12 12:33:04 +0800"}-->
  </sdk_component>
  <sdk_component Cbundle="MCUXpresso SDK" Cclass="Device" Cgroup="SDK Drivers" Csub="dspi_edma" Cvendor="NXP" id="platform.drivers.dspi_edma" name="DSPI_EDMA Driver" prj_file="fsl_dspi_edma.c" version="2.2.1" version_prj_files="fsl_dspi_edma.h">
    <!--{"tag": "REL_2.6.0_REL10_RFP_RC3_4", "created": "2019-06-12 12:33:04 +0800"}-->
  </sdk_component>
  <sdk_component Cbundle="MCUXpresso SDK" Cclass="Device" Cgroup="SDK Drivers" Csub="dspi_freertos" Cvendor="NXP" id="platform.drivers.dspi_freertos" name="DSPI Driver" prj_file="fsl_dspi_freertos.c" version="2.2.1" version_prj_files="fsl_dspi_freertos.h">
    <!--{"tag": "REL_2.6.0_REL10_RFP_RC3_4", "created": "2019-06-12 12:33:04 +0800"}-->
  </sdk_component>
  <sdk_component Cbundle="MCUXpresso SDK" Cclass="Device" Cgroup="SDK Drivers" Csub="edma" Cvendor="NXP" id="platform.drivers.edma" name="EDMA Driver" prj_file="fsl_edma.c" version="2.1.8" version_prj_files="fsl_edma.h">
    <!--{"tag": "REL_2.6.0_REL10_RFP_RC3_4", "created": "2019-06-12 12:33:04 +0800"}-->
  </sdk_component>
  <sdk_component Cbundle="MCUXpresso SDK" Cclass="Device" Cgroup="SDK Drivers" Csub="enet" Cvendor="NXP" id="platform.drivers.enet" name="ENET Driver" prj_file="fsl_enet.c" version="2.2.4" version_prj_files="fsl_enet.h">
    <!--{"tag": "REL_2.6.0_REL10_RFP_RC3_4", "created": "2019-06-12 12:33:04 +0800"}-->
  </sdk_component>
  <sdk_component Cbundle="MCUXpresso SDK" Cclass="Device" Cgroup="SDK Drivers" Csub="flexbus" Cvendor="NXP" id="platform.drivers.flexbus" name="FLEXBUS Driver" prj_file="fsl_flexbus.c" version="2.1.0" version_prj_files="fsl_flexbus.h">
    <!--{"tag": "REL_2.6.0_REL10_RFP_RC3_4", "created": "2019-06-12 12:33:04 +0800"}-->
  </sdk_component>
  <sdk_component Cbundle="MCUXpresso SDK" Cclass="Device" Cgroup="SDK Drivers" Csub="flexcan" Cvendor="NXP" id="platform.drivers.flexcan" name="FLEXCAN Driver" prj_file="fsl_flexcan.c" version="2.4.0" version_prj_files="fsl_flexcan.h">
    <!--{"tag": "REL_2.6.0_REL10_RFP_RC3_4", "created": "2019-06-12 12:33:04 +0800"}-->
  </sdk_component>
  <sdk_component Cbundle="MCUXpresso SDK" Cclass="Device" Cgroup="SDK Drivers" Csub="ftm" Cvendor="NXP" id="platform.drivers.ftm" name="FTM Driver" prj_file="fsl_ftm.c" version="2.1.1" version_prj_files="fsl_ftm.h">
    <!--{"tag": "REL_2.6.0_REL10_RFP_RC3_4", "created": "2019-06-12 12:33:04 +0800"}-->
  </sdk_component>
  <sdk_component Cbundle="MCUXpresso SDK" Cclass="Device" Cgroup="SDK Drivers" Csub="gpio" Cvendor="NXP" id="platform.drivers.gpio" name="GPIO Driver" prj_file="fsl_gpio.c" version="2.3.2" version_prj_files="fsl_gpio.h">
    <!--{"tag": "REL_2.6.0_REL10_RFP_RC3_4", "created": "2019-06-12 12:33:04 +0800"}-->
  </sdk_component>
  <sdk_component Cbundle="MCUXpresso SDK" Cclass="Device" Cgroup="SDK Drivers" Csub="i2c" Cvendor="NXP" id="platform.drivers.i2c" name="I2C Driver" prj_file="fsl_i2c.c" version="2.0.7" version_prj_files="fsl_i2c.h">
    <!--{"tag": "REL_2.6.0_REL10_RFP_RC3_4", "created": "2019-06-12 12:33:04 +0800"}-->
  </sdk_component>
  <sdk_component Cbundle="MCUXpresso SDK" Cclass="Device" Cgroup="SDK Drivers" Csub="i2c_edma" Cvendor="NXP" id="platform.drivers.i2c_edma" name="I2C Driver" prj_file="fsl_i2c_edma.c" version="2.0.7" version_prj_files="fsl_i2c_edma.h">
    <!--{"tag": "REL_2.6.0_REL10_RFP_RC3_4", "created": "2019-06-12 12:33:04 +0800"}-->
  </sdk_component>
  <sdk_component Cbundle="MCUXpresso SDK" Cclass="Device" Cgroup="SDK Drivers" Csub="i2c_freertos" Cvendor="NXP" id="platform.drivers.i2c_freertos" name="I2C Driver" prj_file="fsl_i2c_freertos.c" version="2.0.7" version_prj_files="fsl_i2c_freertos.h">
    <!--{"tag": "REL_2.6.0_REL10_RFP_RC3_4", "created": "2019-06-12 12:33:04 +0800"}-->
  </sdk_component>
  <sdk_component Cbundle="MCUXpresso SDK" Cclass="Device" Cgroup="SDK Drivers" Csub="lptmr" Cvendor="NXP" id="platform.drivers.lptmr" name="LPTMR Driver" prj_file="fsl_lptmr.c" version="2.0.2" version_prj_files="fsl_lptmr.h">
    <!--{"tag": "REL_2.6.0_REL10_RFP_RC3_4", "created": "2019-06-12 12:33:04 +0800"}-->
  </sdk_component>
  <sdk_component Cbundle="MCUXpresso SDK" Cclass="Device" Cgroup="SDK Drivers" Csub="pdb" Cvendor="NXP" id="platform.drivers.pdb" name="PDB Driver" prj_file="fsl_pdb.c" version="2.0.2" version_prj_files="fsl_pdb.h">
    <!--{"tag": "REL_2.6.0_REL10_RFP_RC3_4", "created": "2019-06-12 12:33:04 +0800"}-->
  </sdk_component>
  <sdk_component Cbundle="MCUXpresso SDK" Cclass="Device" Cgroup="SDK Drivers" Csub="pit" Cvendor="NXP" id="platform.drivers.pit" name="PIT Driver" prj_file="fsl_pit.c" version="2.0.2" version_prj_files="fsl_pit.h">
    <!--{"tag": "REL_2.6.0_REL10_RFP_RC3_4", "created": "2019-06-12 12:33:04 +0800"}-->
  </sdk_component>
  <sdk_component Cbundle="MCUXpresso SDK" Cclass="Device" Cgroup="SDK Drivers" Csub="pmc" Cvendor="NXP" id="platform.drivers.pmc" name="PMC Driver" prj_file="fsl_pmc.c" version="2.0.1" version_prj_files="fsl_pmc.h">
    <!--{"tag": "REL_2.6.0_REL10_RFP_RC3_4", "created": "2019-06-12 12:33:04 +0800"}-->
  </sdk_component>
  <sdk_component Cbundle="MCUXpresso SDK" Cclass="Device" Cgroup="SDK Drivers" Csub="rcm" Cvendor="NXP" id="platform.drivers.rcm" name="RCM Driver" prj_file="fsl_rcm.c" version="2.0.2" version_prj_files="fsl_rcm.h">
    <!--{"tag": "REL_2.6.0_REL10_RFP_RC3_4", "created": "2019-06-12 12:33:04 +0800"}-->
  </sdk_component>
  <sdk_component Cbundle="MCUXpresso SDK" Cclass="Device" Cgroup="SDK Drivers" Csub="rtc" Cvendor="NXP" id="platform.drivers.rtc" name="RTC Driver" prj_file="fsl_rtc.c" version="2.2.0" version_prj_files="fsl_rtc.h">
    <!--{"tag": "REL_2.6.0_REL10_RFP_RC3_4", "created": "2019-06-12 12:33:04 +0800"}-->
  </sdk_component>
  <sdk_component Cbundle="MCUXpresso SDK" Cclass="Device" Cgroup="SDK Drivers" Csub="sai" Cvendor="NXP" id="platform.drivers.sai" name="SAI Driver" prj_file="fsl_sai.c" version="2.2.1" version_prj_files="fsl_sai.h">
    <!--{"tag": "REL_2.6.0_REL10_RFP_RC3_4", "created": "2019-06-12 12:33:04 +0800"}-->
  </sdk_component>
  <sdk_component Cbundle="MCUXpresso SDK" Cclass="Device" Cgroup="SDK Drivers" Csub="sai_edma" Cvendor="NXP" id="platform.drivers.sai_edma" name="SAI Driver" prj_file="fsl_sai_edma.c" version="2.2.0" version_prj_files="fsl_sai_edma.h">
    <!--{"tag": "REL_2.6.0_REL10_RFP_RC3_4", "created": "2019-06-12 12:33:04 +0800"}-->
  </sdk_component>
  <sdk_component Cbundle="MCUXpresso SDK" Cclass="Device" Cgroup="SDK Drivers" Csub="sdhc" Cvendor="NXP" id="platform.drivers.sdhc" name="SDHC Driver" prj_file="fsl_sdhc.c" version="2.1.9" version_prj_files="fsl_sdhc.h">
    <!--{"tag": "REL_2.6.0_REL10_RFP_RC3_4", "created": "2019-06-12 12:33:04 +0800"}-->
  </sdk_component>
  <sdk_component Cbundle="MCUXpresso SDK" Cclass="Device" Cgroup="SDK Drivers" Csub="smc" Cvendor="NXP" id="platform.drivers.smc" name="SMC Driver" prj_file="fsl_smc.c" version="2.0.5" version_prj_files="fsl_smc.h">
    <!--{"tag": "REL_2.6.0_REL10_RFP_RC3_4", "created": "2019-06-12 12:33:04 +0800"}-->
  </sdk_component>
  <sdk_component Cbundle="MCUXpresso SDK" Cclass="Device" Cgroup="SDK Drivers" Csub="vref" Cvendor="NXP" id="platform.drivers.vref" name="VREF Driver" prj_file="fsl_vref.c" version="2.1.1" version_prj_files="fsl_vref.h">
    <!--{"tag": "REL_2.6.0_REL10_RFP_RC3_4", "created": "2019-06-12 12:33:04 +0800"}-->
  </sdk_component>
  <sdk_component id="middleware.usb.device_stack" name="USB device stack" prj_file="usb_device_dci.c" version="2.5.0" version_prj_files="usb.h">
    <!--{"tag": "REL_2.7.0_REL11_RFP_RC3_4", "created": "2019-12-17 21:27:12 +0800"}-->
  </sdk_component>
  <sdk_component id="middleware.usb.host.fatfs_usb_stack" name="USB Host Stack" prj_file="usb_host_framework.c" version="1.0.0" version_prj_files="usb.h">
    <!--{"tag": "REL_2.7.0_REL11_RFP_RC3_4", "created": "2019-12-17 21:27:12 +0800"}-->
  </sdk_component>
  <sdk_component id="middleware.usb.host_stack" name="USB host stack" prj_file="usb_host_hci.c" version="2.5.0" version_prj_files="usb.h">
    <!--{"tag": "REL_2.7.0_REL11_RFP_RC3_4", "created": "2019-12-17 21:27:12 +0800"}-->
  </sdk_component>
  <sdk_component id="middleware.usb.otg_stack" name="USB OTG stack" prj_file="usb_otg_oci.c" version="2.5.0" version_prj_files="usb.h">
    <!--{"tag": "REL_2.7.0_REL11_RFP_RC3_4", "created": "2019-12-17 21:27:12 +0800"}-->
  </sdk_component>
  <sdk_component id="middleware.usb.stack_common" name="USB common" prj_file="usb.h" version="2.5.0" version_prj_files="usb.h">
    <!--{"tag": "REL_2.7.0_REL11_RFP_RC3_4", "created": "2019-12-17 21:27:12 +0800"}-->
  </sdk_component>
  <sdk_component Cbundle="MCUXpresso SDK" Cclass="Device" Cgroup="SDK Drivers" Csub="adc" Cvendor="NXP" id="platform.drivers.adc16" name="ADC16 Driver" prj_file="fsl_adc16.c" version="2.0.3" version_prj_files="fsl_adc16.h">
    <!--{"tag": "REL_2.7.0_REL11_RFP_RC3_4", "created": "2019-12-17 21:27:12 +0800"}-->
  </sdk_component>
  <sdk_component Cbundle="MCUXpresso SDK" Cclass="Device" Cgroup="SDK Drivers" Csub="clock" Cvendor="NXP" id="platform.drivers.clock" name="Clock Driver" prj_file="fsl_clock.c" version="2.5.1" version_prj_files="fsl_clock.h">
    <!--{"tag": "REL_2.7.0_REL11_RFP_RC3_4", "created": "2019-12-17 21:27:12 +0800"}-->
  </sdk_component>
  <sdk_component Cbundle="MCUXpresso SDK" Cclass="Device" Cgroup="SDK Drivers" Csub="cmp" Cvendor="NXP" id="platform.drivers.cmp" name="CMP Driver" prj_file="fsl_cmp.c" version="2.0.2" version_prj_files="fsl_cmp.h">
    <!--{"tag": "REL_2.7.0_REL11_RFP_RC3_4", "created": "2019-12-17 21:27:12 +0800"}-->
  </sdk_component>
  <sdk_component Cbundle="MCUXpresso SDK" Cclass="Device" Cgroup="SDK Drivers" Csub="cmt" Cvendor="NXP" id="platform.drivers.cmt" name="CMT Driver" prj_file="fsl_cmt.c" version="2.0.3" version_prj_files="fsl_cmt.h">
    <!--{"tag": "REL_2.7.0_REL11_RFP_RC3_4", "created": "2019-12-17 21:27:12 +0800"}-->
  </sdk_component>
  <sdk_component Cbundle="MCUXpresso SDK" Cclass="Device" Cgroup="SDK Drivers" Csub="common" Cvendor="NXP" id="platform.drivers.common" name="COMMON Driver" prj_file="fsl_common.c" version="2.2.2" version_prj_files="fsl_common.h">
    <!--{"tag": "REL_2.7.0_REL11_RFP_RC3_4", "created": "2019-12-17 21:27:12 +0800"}-->
  </sdk_component>
  <sdk_component Cbundle="MCUXpresso SDK" Cclass="Device" Cgroup="SDK Drivers" Csub="crc" Cvendor="NXP" id="platform.drivers.crc" name="CRC Driver" prj_file="fsl_crc.c" version="2.0.2" version_prj_files="fsl_crc.h">
    <!--{"tag": "REL_2.7.0_REL11_RFP_RC3_4", "created": "2019-12-17 21:27:12 +0800"}-->
  </sdk_component>
  <sdk_component Cbundle="MCUXpresso SDK" Cclass="Device" Cgroup="SDK Drivers" Csub="dac" Cvendor="NXP" id="platform.drivers.dac" name="DAC Driver" prj_file="fsl_dac.c" version="2.0.2" version_prj_files="fsl_dac.h">
    <!--{"tag": "REL_2.7.0_REL11_RFP_RC3_4", "created": "2019-12-17 21:27:12 +0800"}-->
  </sdk_component>
  <sdk_component Cbundle="MCUXpresso SDK" Cclass="Device" Cgroup="SDK Drivers" Csub="dmamux" Cvendor="NXP" id="platform.drivers.dmamux" name="DMAMUX Driver" prj_file="fsl_dmamux.c" version="2.0.4" version_prj_files="fsl_dmamux.h">
    <!--{"tag": "REL_2.7.0_REL11_RFP_RC3_4", "created": "2019-12-17 21:27:12 +0800"}-->
  </sdk_component>
  <sdk_component Cbundle="MCUXpresso SDK" Cclass="Device" Cgroup="SDK Drivers" Csub="dspi" Cvendor="NXP" id="platform.drivers.dspi" name="DSPI Driver" prj_file="fsl_dspi.c" version="2.2.2" version_prj_files="fsl_dspi.h">
    <!--{"tag": "REL_2.7.0_REL11_RFP_RC3_4", "created": "2019-12-17 21:27:12 +0800"}-->
  </sdk_component>
  <sdk_component Cbundle="MCUXpresso SDK" Cclass="Device" Cgroup="SDK Drivers" Csub="dspi_edma" Cvendor="NXP" id="platform.drivers.dspi_edma" name="DSPI_EDMA Driver" prj_file="fsl_dspi_edma.c" version="2.2.2" version_prj_files="fsl_dspi_edma.h">
    <!--{"tag": "REL_2.7.0_REL11_RFP_RC3_4", "created": "2019-12-17 21:27:12 +0800"}-->
  </sdk_component>
  <sdk_component Cbundle="MCUXpresso SDK" Cclass="Device" Cgroup="SDK Drivers" Csub="dspi_freertos" Cvendor="NXP" id="platform.drivers.dspi_freertos" name="DSPI Freertos Driver" prj_file="fsl_dspi_freertos.c" version="2.2.2" version_prj_files="fsl_dspi_freertos.h">
    <!--{"tag": "REL_2.7.0_REL11_RFP_RC3_4", "created": "2019-12-17 21:27:12 +0800"}-->
  </sdk_component>
  <sdk_component Cbundle="MCUXpresso SDK" Cclass="Device" Cgroup="SDK Drivers" Csub="edma" Cvendor="NXP" id="platform.drivers.edma" name="EDMA Driver" prj_file="fsl_edma.c" version="2.3.0" version_prj_files="fsl_edma.h">
    <!--{"tag": "REL_2.7.0_REL11_RFP_RC3_4", "created": "2019-12-17 21:27:12 +0800"}-->
  </sdk_component>
  <sdk_component Cbundle="MCUXpresso SDK" Cclass="Device" Cgroup="SDK Drivers" Csub="enet" Cvendor="NXP" id="platform.drivers.enet" name="ENET Driver" prj_file="fsl_enet.c" version="2.2.5" version_prj_files="fsl_enet.h">
    <!--{"tag": "REL_2.7.0_REL11_RFP_RC3_4", "created": "2019-12-17 21:27:12 +0800"}-->
  </sdk_component>
  <sdk_component Cbundle="MCUXpresso SDK" Cclass="Device" Cgroup="SDK Drivers" Csub="ewm" Cvendor="NXP" id="platform.drivers.ewm" name="EWM Driver" prj_file="fsl_ewm.c" version="2.0.2" version_prj_files="fsl_ewm.h">
    <!--{"tag": "REL_2.7.0_REL11_RFP_RC3_4", "created": "2019-12-17 21:27:12 +0800"}-->
  </sdk_component>
  <sdk_component Cbundle="MCUXpresso SDK" Cclass="Device" Cgroup="SDK Drivers" Csub="flexbus" Cvendor="NXP" id="platform.drivers.flexbus" name="FLEXBUS Driver" prj_file="fsl_flexbus.c" version="2.1.1" version_prj_files="fsl_flexbus.h">
    <!--{"tag": "REL_2.7.0_REL11_RFP_RC3_4", "created": "2019-12-17 21:27:12 +0800"}-->
  </sdk_component>
  <sdk_component Cbundle="MCUXpresso SDK" Cclass="Device" Cgroup="SDK Drivers" Csub="flexcan" Cvendor="NXP" id="platform.drivers.flexcan" name="FLEXCAN Driver" prj_file="fsl_flexcan.c" version="2.5.0" version_prj_files="fsl_flexcan.h">
    <!--{"tag": "REL_2.7.0_REL11_RFP_RC3_4", "created": "2019-12-17 21:27:12 +0800"}-->
  </sdk_component>
  <sdk_component Cbundle="MCUXpresso SDK" Cclass="Device" Cgroup="SDK Drivers" Csub="ftm" Cvendor="NXP" id="platform.drivers.ftm" name="FTM Driver" prj_file="fsl_ftm.c" version="2.2.1" version_prj_files="fsl_ftm.h">
    <!--{"tag": "REL_2.7.0_REL11_RFP_RC3_4", "created": "2019-12-17 21:27:12 +0800"}-->
  </sdk_component>
  <sdk_component Cbundle="MCUXpresso SDK" Cclass="Device" Cgroup="SDK Drivers" Csub="gpio" Cvendor="NXP" id="platform.drivers.gpio" name="GPIO Driver" prj_file="fsl_gpio.c" version="2.4.1" version_prj_files="fsl_gpio.h">
    <!--{"tag": "REL_2.7.0_REL11_RFP_RC3_4", "created": "2019-12-17 21:27:12 +0800"}-->
  </sdk_component>
  <sdk_component Cbundle="MCUXpresso SDK" Cclass="Device" Cgroup="SDK Drivers" Csub="i2c" Cvendor="NXP" id="platform.drivers.i2c" name="I2C Driver" prj_file="fsl_i2c.c" version="2.0.8" version_prj_files="fsl_i2c.h">
    <!--{"tag": "REL_2.7.0_REL11_RFP_RC3_4", "created": "2019-12-17 21:27:12 +0800"}-->
  </sdk_component>
  <sdk_component Cbundle="MCUXpresso SDK" Cclass="Device" Cgroup="SDK Drivers" Csub="i2c_edma" Cvendor="NXP" id="platform.drivers.i2c_edma" name="I2C EDMA Driver" prj_file="fsl_i2c_edma.c" version="2.0.8" version_prj_files="fsl_i2c_edma.h">
    <!--{"tag": "REL_2.7.0_REL11_RFP_RC3_4", "created": "2019-12-17 21:27:12 +0800"}-->
  </sdk_component>
  <sdk_component Cbundle="MCUXpresso SDK" Cclass="Device" Cgroup="SDK Drivers" Csub="i2c_freertos" Cvendor="NXP" id="platform.drivers.i2c_freertos" name="I2C FREERTOS Driver" prj_file="fsl_i2c_freertos.c" version="2.0.8" version_prj_files="fsl_i2c_freertos.h">
    <!--{"tag": "REL_2.7.0_REL11_RFP_RC3_4", "created": "2019-12-17 21:27:12 +0800"}-->
  </sdk_component>
  <sdk_component Cbundle="MCUXpresso SDK" Cclass="Device" Cgroup="SDK Drivers" Csub="llwu" Cvendor="NXP" id="platform.drivers.llwu" name="LLWU Driver" prj_file="fsl_llwu.c" version="2.0.4" version_prj_files="fsl_llwu.h">
    <!--{"tag": "REL_2.7.0_REL11_RFP_RC3_4", "created": "2019-12-17 21:27:12 +0800"}-->
  </sdk_component>
  <sdk_component Cbundle="MCUXpresso SDK" Cclass="Device" Cgroup="SDK Drivers" Csub="lptmr" Cvendor="NXP" id="platform.drivers.lptmr" name="LPTMR Driver" prj_file="fsl_lptmr.c" version="2.1.1" version_prj_files="fsl_lptmr.h">
    <!--{"tag": "REL_2.7.0_REL11_RFP_RC3_4", "created": "2019-12-17 21:27:12 +0800"}-->
  </sdk_component>
  <sdk_component Cbundle="MCUXpresso SDK" Cclass="Device" Cgroup="SDK Drivers" Csub="pdb" Cvendor="NXP" id="platform.drivers.pdb" name="PDB Driver" prj_file="fsl_pdb.c" version="2.0.3" version_prj_files="fsl_pdb.h">
    <!--{"tag": "REL_2.7.0_REL11_RFP_RC3_4", "created": "2019-12-17 21:27:12 +0800"}-->
  </sdk_component>
  <sdk_component Cbundle="MCUXpresso SDK" Cclass="Device" Cgroup="SDK Drivers" Csub="pmc" Cvendor="NXP" id="platform.drivers.pmc" name="PMC Driver" prj_file="fsl_pmc.c" version="2.0.2" version_prj_files="fsl_pmc.h">
    <!--{"tag": "REL_2.7.0_REL11_RFP_RC3_4", "created": "2019-12-17 21:27:12 +0800"}-->
  </sdk_component>
  <sdk_component Cbundle="MCUXpresso SDK" Cclass="Device" Cgroup="SDK Drivers" Csub="rcm" Cvendor="NXP" id="platform.drivers.rcm" name="RCM Driver" prj_file="fsl_rcm.c" version="2.0.3" version_prj_files="fsl_rcm.h">
    <!--{"tag": "REL_2.7.0_REL11_RFP_RC3_4", "created": "2019-12-17 21:27:12 +0800"}-->
  </sdk_component>
  <sdk_component Cbundle="MCUXpresso SDK" Cclass="Device" Cgroup="SDK Drivers" Csub="rnga" Cvendor="NXP" id="platform.drivers.rnga" name="RNGA Driver" prj_file="fsl_rnga.c" version="2.0.2" version_prj_files="fsl_rnga.h">
    <!--{"tag": "REL_2.7.0_REL11_RFP_RC3_4", "created": "2019-12-17 21:27:12 +0800"}-->
  </sdk_component>
  <sdk_component Cbundle="MCUXpresso SDK" Cclass="Device" Cgroup="SDK Drivers" Csub="rtc" Cvendor="NXP" id="platform.drivers.rtc" name="RTC Driver" prj_file="fsl_rtc.c" version="2.2.1" version_prj_files="fsl_rtc.h">
    <!--{"tag": "REL_2.7.0_REL11_RFP_RC3_4", "created": "2019-12-17 21:27:12 +0800"}-->
  </sdk_component>
  <sdk_component Cbundle="MCUXpresso SDK" Cclass="Device" Cgroup="SDK Drivers" Csub="sai" Cvendor="NXP" id="platform.drivers.sai" name="SAI Driver" prj_file="fsl_sai.c" version="2.2.2" version_prj_files="fsl_sai.h">
    <!--{"tag": "REL_2.7.0_REL11_RFP_RC3_4", "created": "2019-12-17 21:27:12 +0800"}-->
  </sdk_component>
  <sdk_component Cbundle="MCUXpresso SDK" Cclass="Device" Cgroup="SDK Drivers" Csub="sdhc" Cvendor="NXP" id="platform.drivers.sdhc" name="SDHC Driver" prj_file="fsl_sdhc.c" version="2.1.10" version_prj_files="fsl_sdhc.h">
    <!--{"tag": "REL_2.7.0_REL11_RFP_RC3_4", "created": "2019-12-17 21:27:12 +0800"}-->
  </sdk_component>
  <sdk_component Cbundle="MCUXpresso SDK" Cclass="Device" Cgroup="SDK Drivers" Csub="sim" Cvendor="NXP" id="platform.drivers.sim" name="SIM Driver" prj_file="fsl_sim.c" version="2.1.1" version_prj_files="fsl_sim.h">
    <!--{"tag": "REL_2.7.0_REL11_RFP_RC3_4", "created": "2019-12-17 21:27:12 +0800"}-->
  </sdk_component>
  <sdk_component Cbundle="MCUXpresso SDK" Cclass="Device" Cgroup="SDK Drivers" Csub="smc" Cvendor="NXP" id="platform.drivers.smc" name="SMC Driver" prj_file="fsl_smc.c" version="2.0.6" version_prj_files="fsl_smc.h">
    <!--{"tag": "REL_2.7.0_REL11_RFP_RC3_4", "created": "2019-12-17 21:27:12 +0800"}-->
  </sdk_component>
  <sdk_component Cbundle="MCUXpresso SDK" Cclass="Device" Cgroup="SDK Drivers" Csub="sysmpu" Cvendor="NXP" id="platform.drivers.sysmpu" name="SYSMPU Driver" prj_file="fsl_sysmpu.c" version="2.2.2" version_prj_files="fsl_sysmpu.h">
    <!--{"tag": "REL_2.7.0_REL11_RFP_RC3_4", "created": "2019-12-17 21:27:12 +0800"}-->
  </sdk_component>
  <sdk_component Cbundle="MCUXpresso SDK" Cclass="Device" Cgroup="SDK Drivers" Csub="uart" Cvendor="NXP" id="platform.drivers.uart" name="UART Driver" prj_file="fsl_uart.c" version="2.2.0" version_prj_files="fsl_uart.h">
    <!--{"tag": "REL_2.7.0_REL11_RFP_RC3_4", "created": "2019-12-17 21:27:12 +0800"}-->
  </sdk_component>
  <sdk_component Cbundle="MCUXpresso SDK" Cclass="Device" Cgroup="SDK Drivers" Csub="uart_edma" Cvendor="NXP" id="platform.drivers.uart_edma" name="UART EDMA Driver" prj_file="fsl_uart_edma.c" version="2.2.0" version_prj_files="fsl_uart_edma.h">
    <!--{"tag": "REL_2.7.0_REL11_RFP_RC3_4", "created": "2019-12-17 21:27:12 +0800"}-->
  </sdk_component>
  <sdk_component Cbundle="MCUXpresso SDK" Cclass="Device" Cgroup="SDK Drivers" Csub="uart_freertos" Cvendor="NXP" id="platform.drivers.uart_freertos" name="UART FREERTOS Driver" prj_file="fsl_uart_freertos.c" version="2.2.0" version_prj_files="fsl_uart_freertos.h">
    <!--{"tag": "REL_2.7.0_REL11_RFP_RC3_4", "created": "2019-12-17 21:27:12 +0800"}-->
  </sdk_component>
  <sdk_component Cbundle="MCUXpresso SDK" Cclass="Device" Cgroup="SDK Drivers" Csub="vref" Cvendor="NXP" id="platform.drivers.vref" name="VREF Driver" prj_file="fsl_vref.c" version="2.1.2" version_prj_files="fsl_vref.h">
    <!--{"tag": "REL_2.7.0_REL11_RFP_RC3_4", "created": "2019-12-17 21:27:12 +0800"}-->
  </sdk_component>
  <sdk_component Cbundle="MCUXpresso SDK" Cclass="Device" Cgroup="SDK Drivers" Csub="wdog" Cvendor="NXP" id="platform.drivers.wdog" name="WDOG Driver" prj_file="fsl_wdog.c" version="2.0.1" version_prj_files="fsl_wdog.h">
    <!--{"tag": "REL_2.7.0_REL11_RFP_RC3_4", "created": "2019-12-17 21:27:12 +0800"}-->
  </sdk_component>
  <sdk_component Cbundle="MCUXpresso SDK" Cclass="Device" Cgroup="SDK Utilities" Csub="serial_manager" Cvendor="NXP" id="component.serial_manager" name="Serial Manager" prj_file="undefined_value.c" version="1.0.0" version_prj_files="undefined_value.h">
    <!--{"tag": "REL_2.8.0_REL12_RFP_RC3_2", "created": "2020-07-20 16:11:26 +0800"}-->
  </sdk_component>
  <sdk_component Cbundle="MCUXpresso SDK" Cclass="Device" Cgroup="SDK Utilities" Csub="serial_manager_swo" Cvendor="NXP" id="component.serial_manager_swo" name="Serial Manager Swo" prj_file="undefined_value.c" version="1.0.0" version_prj_files="undefined_value.h">
    <!--{"tag": "REL_2.8.0_REL12_RFP_RC3_2", "created": "2020-07-20 16:11:26 +0800"}-->
  </sdk_component>
  <sdk_component Cbundle="MCUXpresso SDK" Cclass="Device" Cgroup="SDK Utilities" Csub="serial_manager_uart" Cvendor="NXP" id="component.serial_manager_uart" name="Serial Manager uart" prj_file="undefined_value.c" version="1.0.0" version_prj_files="undefined_value.h">
    <!--{"tag": "REL_2.8.0_REL12_RFP_RC3_2", "created": "2020-07-20 16:11:26 +0800"}-->
  </sdk_component>
  <sdk_component Cbundle="MCUXpresso SDK" Cclass="Device" Cgroup="SDK Utilities" Csub="serial_manager_usb_cdc" Cvendor="NXP" id="component.serial_manager_usb_cdc" name="Serial Manager USB CDC" prj_file="undefined_value.c" version="1.0.0" version_prj_files="undefined_value.h">
    <!--{"tag": "REL_2.8.0_REL12_RFP_RC3_2", "created": "2020-07-20 16:11:26 +0800"}-->
  </sdk_component>
  <sdk_component Cbundle="MCUXpresso SDK" Cclass="Device" Cgroup="SDK Drivers" Csub="uart_adapter" Cvendor="NXP" id="component.uart_adapter" name="uart_adapter" prj_file="undefined_value.c" version="1.0.0" version_prj_files="undefined_value.h">
    <!--{"tag": "REL_2.8.0_REL12_RFP_RC3_2", "created": "2020-07-20 16:11:26 +0800"}-->
  </sdk_component>
  <sdk_component id="middleware.fatfs" name="FAT File System stack" prj_file="undefined_value.c" version="0.14" version_prj_files="undefined_value.h">
    <!--{"tag": "REL_2.8.0_REL12_RFP_RC3_2", "created": "2020-07-20 16:11:26 +0800"}-->
  </sdk_component>
  <sdk_component id="middleware.fatfs.mmc" name="Fatfs MMC layer" prj_file="undefined_value.c" version="0.14" version_prj_files="undefined_value.h">
    <!--{"tag": "REL_2.8.0_REL12_RFP_RC3_2", "created": "2020-07-20 16:11:26 +0800"}-->
  </sdk_component>
  <sdk_component id="middleware.fatfs.ram" name="Fatfs RAM layer" prj_file="undefined_value.c" version="0.14" version_prj_files="undefined_value.h">
    <!--{"tag": "REL_2.8.0_REL12_RFP_RC3_2", "created": "2020-07-20 16:11:26 +0800"}-->
  </sdk_component>
  <sdk_component id="middleware.fatfs.sd" name="Fatfs SD layer" prj_file="undefined_value.c" version="0.14" version_prj_files="undefined_value.h">
    <!--{"tag": "REL_2.8.0_REL12_RFP_RC3_2", "created": "2020-07-20 16:11:26 +0800"}-->
  </sdk_component>
  <sdk_component id="middleware.fatfs.sdspi" name="Fatfs SDSPI layer" prj_file="undefined_value.c" version="0.14" version_prj_files="undefined_value.h">
    <!--{"tag": "REL_2.8.0_REL12_RFP_RC3_2", "created": "2020-07-20 16:11:26 +0800"}-->
  </sdk_component>
  <sdk_component id="middleware.fatfs.usb" name="Fatfs USB layer" prj_file="undefined_value.c" version="0.14" version_prj_files="undefined_value.h">
    <!--{"tag": "REL_2.8.0_REL12_RFP_RC3_2", "created": "2020-07-20 16:11:26 +0800"}-->
  </sdk_component>
  <sdk_component id="middleware.fmstr" name="FreeMASTER communication driver" prj_file="undefined_value.c" version="3.0.2" version_prj_files="undefined_value.h">
    <!--{"tag": "REL_2.8.0_REL12_RFP_RC3_2", "created": "2020-07-20 16:11:26 +0800"}-->
  </sdk_component>
  <sdk_component id="middleware.lwip" name="lwIP" prj_file="undefined_value.c" version="2.2.0" version_prj_files="undefined_value.h">
    <!--{"tag": "REL_2.8.0_REL12_RFP_RC3_2", "created": "2020-07-20 16:11:26 +0800"}-->
  </sdk_component>
  <sdk_component id="middleware.lwip.apps.httpd" name="lwIP HTTP Daemon" prj_file="undefined_value.c" version="2.2.0" version_prj_files="undefined_value.h">
    <!--{"tag": "REL_2.8.0_REL12_RFP_RC3_2", "created": "2020-07-20 16:11:26 +0800"}-->
  </sdk_component>
  <sdk_component id="middleware.lwip.apps.httpd.support" name="lwIP HTTP Daemon Implementation Support Files" prj_file="undefined_value.c" version="2.2.0" version_prj_files="undefined_value.h">
    <!--{"tag": "REL_2.8.0_REL12_RFP_RC3_2", "created": "2020-07-20 16:11:26 +0800"}-->
  </sdk_component>
  <sdk_component id="middleware.lwip.apps.httpsrv" name="lwIP HTTP Server" prj_file="undefined_value.c" version="2.2.0" version_prj_files="undefined_value.h">
    <!--{"tag": "REL_2.8.0_REL12_RFP_RC3_2", "created": "2020-07-20 16:11:26 +0800"}-->
  </sdk_component>
  <sdk_component id="middleware.lwip.apps.httpsrv.fs_data" name="lwIP HTTP Server Sample Web Pages" prj_file="undefined_value.c" version="2.2.0" version_prj_files="undefined_value.h">
    <!--{"tag": "REL_2.8.0_REL12_RFP_RC3_2", "created": "2020-07-20 16:11:26 +0800"}-->
  </sdk_component>
  <sdk_component id="middleware.lwip.apps.lwiperf" name="lwIP IPERF" prj_file="undefined_value.c" version="2.2.0" version_prj_files="undefined_value.h">
    <!--{"tag": "REL_2.8.0_REL12_RFP_RC3_2", "created": "2020-07-20 16:11:26 +0800"}-->
  </sdk_component>
  <sdk_component id="middleware.lwip.apps.mdns" name="lwIP mDNS" prj_file="undefined_value.c" version="2.2.0" version_prj_files="undefined_value.h">
    <!--{"tag": "REL_2.8.0_REL12_RFP_RC3_2", "created": "2020-07-20 16:11:26 +0800"}-->
  </sdk_component>
  <sdk_component id="middleware.lwip.apps.mqtt" name="lwIP MQTT Client" prj_file="undefined_value.c" version="2.2.0" version_prj_files="undefined_value.h">
    <!--{"tag": "REL_2.8.0_REL12_RFP_RC3_2", "created": "2020-07-20 16:11:26 +0800"}-->
  </sdk_component>
  <sdk_component id="middleware.lwip.apps.sntp" name="lwIP SNTP" prj_file="undefined_value.c" version="2.2.0" version_prj_files="undefined_value.h">
    <!--{"tag": "REL_2.8.0_REL12_RFP_RC3_2", "created": "2020-07-20 16:11:26 +0800"}-->
  </sdk_component>
  <sdk_component id="middleware.lwip.contrib.ping" name="lwIP Ping Sender" prj_file="undefined_value.c" version="2.2.0" version_prj_files="undefined_value.h">
    <!--{"tag": "REL_2.8.0_REL12_RFP_RC3_2", "created": "2020-07-20 16:11:26 +0800"}-->
  </sdk_component>
  <sdk_component id="middleware.lwip.contrib.tcpecho" name="lwIP TCP Echo" prj_file="undefined_value.c" version="2.2.0" version_prj_files="undefined_value.h">
    <!--{"tag": "REL_2.8.0_REL12_RFP_RC3_2", "created": "2020-07-20 16:11:26 +0800"}-->
  </sdk_component>
  <sdk_component id="middleware.lwip.contrib.tcpecho_raw" name="lwIP TCP Echo Raw API" prj_file="undefined_value.c" version="2.2.0" version_prj_files="undefined_value.h">
    <!--{"tag": "REL_2.8.0_REL12_RFP_RC3_2", "created": "2020-07-20 16:11:26 +0800"}-->
  </sdk_component>
  <sdk_component id="middleware.lwip.contrib.udpecho" name="lwIP UDP Echo" prj_file="undefined_value.c" version="2.2.0" version_prj_files="undefined_value.h">
    <!--{"tag": "REL_2.8.0_REL12_RFP_RC3_2", "created": "2020-07-20 16:11:26 +0800"}-->
  </sdk_component>
  <sdk_component id="middleware.lwip.contrib.udpecho_raw" name="lwIP UDP Echo Raw API" prj_file="undefined_value.c" version="2.2.0" version_prj_files="undefined_value.h">
    <!--{"tag": "REL_2.8.0_REL12_RFP_RC3_2", "created": "2020-07-20 16:11:26 +0800"}-->
  </sdk_component>
  <sdk_component id="middleware.lwip.empty_ethernetif" name="lwIP Empty Ethernet Layer (do not use)" prj_file="undefined_value.c" version="2.2.0" version_prj_files="undefined_value.h">
    <!--{"tag": "REL_2.8.0_REL12_RFP_RC3_2", "created": "2020-07-20 16:11:26 +0800"}-->
  </sdk_component>
  <sdk_component id="middleware.lwip.enet_ethernetif_kinetis" name="lwIP Adaptation for On-chip Kinetis Ethernet" prj_file="undefined_value.c" version="2.2.0" version_prj_files="undefined_value.h">
    <!--{"tag": "REL_2.8.0_REL12_RFP_RC3_2", "created": "2020-07-20 16:11:26 +0800"}-->
  </sdk_component>
  <sdk_component id="middleware.lwip.usb_ethernetif" name="lwIP Adaptation for USB Network Layer" prj_file="undefined_value.c" version="2.2.0" version_prj_files="undefined_value.h">
    <!--{"tag": "REL_2.8.0_REL12_RFP_RC3_2", "created": "2020-07-20 16:11:26 +0800"}-->
  </sdk_component>
  <sdk_component id="middleware.sdmmc.common" name="SDMMC common stack" prj_file="undefined_value.c" version="2.3.0" version_prj_files="undefined_value.h">
    <!--{"tag": "REL_2.8.0_REL12_RFP_RC3_2", "created": "2020-07-20 16:11:26 +0800"}-->
  </sdk_component>
  <sdk_component id="middleware.sdmmc.host.sdhc" name="Middleware sdmmc host sdhc" prj_file="undefined_value.c" version="2.3.0" version_prj_files="undefined_value.h">
    <!--{"tag": "REL_2.8.0_REL12_RFP_RC3_2", "created": "2020-07-20 16:11:26 +0800"}-->
  </sdk_component>
  <sdk_component id="middleware.sdmmc.mmc" name="SDMMC mmc stack" prj_file="undefined_value.c" version="2.3.0" version_prj_files="undefined_value.h">
    <!--{"tag": "REL_2.8.0_REL12_RFP_RC3_2", "created": "2020-07-20 16:11:26 +0800"}-->
  </sdk_component>
  <sdk_component id="middleware.sdmmc.sd" name="SDMMC sd stack" prj_file="undefined_value.c" version="2.3.0" version_prj_files="undefined_value.h">
    <!--{"tag": "REL_2.8.0_REL12_RFP_RC3_2", "created": "2020-07-20 16:11:26 +0800"}-->
  </sdk_component>
  <sdk_component id="middleware.sdmmc.sdio" name="SDMMC sdio stack" prj_file="undefined_value.c" version="2.3.0" version_prj_files="undefined_value.h">
    <!--{"tag": "REL_2.8.0_REL12_RFP_RC3_2", "created": "2020-07-20 16:11:26 +0800"}-->
  </sdk_component>
  <sdk_component id="middleware.sdmmc.sdspi" name="SDMMC sdspi stack" prj_file="undefined_value.c" version="2.1.4" version_prj_files="undefined_value.h">
    <!--{"tag": "REL_2.8.0_REL12_RFP_RC3_2", "created": "2020-07-20 16:11:26 +0800"}-->
  </sdk_component>
  <sdk_component id="middleware.usb.common_header" name="USB Common Header" prj_file="undefined_value.c" version="2.6.0" version_prj_files="undefined_value.h">
    <!--{"tag": "REL_2.8.0_REL12_RFP_RC3_2", "created": "2020-07-20 16:11:26 +0800"}-->
  </sdk_component>
  <sdk_component id="middleware.usb.device.audio.external" name="USB Device Audio" prj_file="undefined_value.c" version="2.6.0" version_prj_files="undefined_value.h">
    <!--{"tag": "REL_2.8.0_REL12_RFP_RC3_2", "created": "2020-07-20 16:11:26 +0800"}-->
  </sdk_component>
  <sdk_component id="middleware.usb.device.ccid.external" name="USB Device CCID" prj_file="undefined_value.c" version="2.6.0" version_prj_files="undefined_value.h">
    <!--{"tag": "REL_2.8.0_REL12_RFP_RC3_2", "created": "2020-07-20 16:11:26 +0800"}-->
  </sdk_component>
  <sdk_component id="middleware.usb.device.cdc.external" name="USB Device CDC" prj_file="undefined_value.c" version="2.6.0" version_prj_files="undefined_value.h">
    <!--{"tag": "REL_2.8.0_REL12_RFP_RC3_2", "created": "2020-07-20 16:11:26 +0800"}-->
  </sdk_component>
  <sdk_component id="middleware.usb.device.cdc.rndis.external" name="USB Device CDC RNDIS" prj_file="undefined_value.c" version="2.6.0" version_prj_files="undefined_value.h">
    <!--{"tag": "REL_2.8.0_REL12_RFP_RC3_2", "created": "2020-07-20 16:11:26 +0800"}-->
  </sdk_component>
  <sdk_component id="middleware.usb.device.common_header" name="USB Device Common Header" prj_file="undefined_value.c" version="2.6.0" version_prj_files="undefined_value.h">
    <!--{"tag": "REL_2.8.0_REL12_RFP_RC3_2", "created": "2020-07-20 16:11:26 +0800"}-->
  </sdk_component>
  <sdk_component id="middleware.usb.device.controller.driver" name="USB Device Common Controller" prj_file="undefined_value.c" version="2.6.0" version_prj_files="undefined_value.h">
    <!--{"tag": "REL_2.8.0_REL12_RFP_RC3_2", "created": "2020-07-20 16:11:26 +0800"}-->
  </sdk_component>
  <sdk_component id="middleware.usb.device.dfu.external" name="USB Device DFU" prj_file="undefined_value.c" version="2.6.0" version_prj_files="undefined_value.h">
    <!--{"tag": "REL_2.8.0_REL12_RFP_RC3_2", "created": "2020-07-20 16:11:26 +0800"}-->
  </sdk_component>
  <sdk_component id="middleware.usb.device.hid.external" name="USB Device HID" prj_file="undefined_value.c" version="2.6.0" version_prj_files="undefined_value.h">
    <!--{"tag": "REL_2.8.0_REL12_RFP_RC3_2", "created": "2020-07-20 16:11:26 +0800"}-->
  </sdk_component>
  <sdk_component id="middleware.usb.device.msd.external" name="USB Device MSD" prj_file="undefined_value.c" version="2.6.0" version_prj_files="undefined_value.h">
    <!--{"tag": "REL_2.8.0_REL12_RFP_RC3_2", "created": "2020-07-20 16:11:26 +0800"}-->
  </sdk_component>
  <sdk_component id="middleware.usb.device.phdc.external" name="USB Device PHDC" prj_file="undefined_value.c" version="2.6.0" version_prj_files="undefined_value.h">
    <!--{"tag": "REL_2.8.0_REL12_RFP_RC3_2", "created": "2020-07-20 16:11:26 +0800"}-->
  </sdk_component>
  <sdk_component id="middleware.usb.device.printer.external" name="USB Device Printer" prj_file="undefined_value.c" version="2.6.0" version_prj_files="undefined_value.h">
    <!--{"tag": "REL_2.8.0_REL12_RFP_RC3_2", "created": "2020-07-20 16:11:26 +0800"}-->
  </sdk_component>
  <sdk_component id="middleware.usb.device.stack.external" name="USB Device Stack" prj_file="undefined_value.c" version="2.6.0" version_prj_files="undefined_value.h">
    <!--{"tag": "REL_2.8.0_REL12_RFP_RC3_2", "created": "2020-07-20 16:11:26 +0800"}-->
  </sdk_component>
  <sdk_component id="middleware.usb.device.video.external" name="USB Device Video" prj_file="undefined_value.c" version="2.6.0" version_prj_files="undefined_value.h">
    <!--{"tag": "REL_2.8.0_REL12_RFP_RC3_2", "created": "2020-07-20 16:11:26 +0800"}-->
  </sdk_component>
  <sdk_component id="middleware.usb.device_controller_khci" name="USB Device KHCI Controller Driver(FS)" prj_file="undefined_value.c" version="2.6.0" version_prj_files="undefined_value.h">
    <!--{"tag": "REL_2.8.0_REL12_RFP_RC3_2", "created": "2020-07-20 16:11:26 +0800"}-->
  </sdk_component>
  <sdk_component id="middleware.usb.host.common_header" name="USB Host Common Header" prj_file="undefined_value.c" version="2.6.0" version_prj_files="undefined_value.h">
    <!--{"tag": "REL_2.8.0_REL12_RFP_RC3_2", "created": "2020-07-20 16:11:26 +0800"}-->
  </sdk_component>
  <sdk_component id="middleware.usb.host.stack" name="USB Host Stack" prj_file="undefined_value.c" version="2.6.0" version_prj_files="undefined_value.h">
    <!--{"tag": "REL_2.8.0_REL12_RFP_RC3_2", "created": "2020-07-20 16:11:26 +0800"}-->
  </sdk_component>
  <sdk_component id="middleware.usb.host_audio" name="USB Host Audio" prj_file="undefined_value.c" version="2.6.0" version_prj_files="undefined_value.h">
    <!--{"tag": "REL_2.8.0_REL12_RFP_RC3_2", "created": "2020-07-20 16:11:26 +0800"}-->
  </sdk_component>
  <sdk_component id="middleware.usb.host_cdc" name="USB Host CDC" prj_file="undefined_value.c" version="2.6.0" version_prj_files="undefined_value.h">
    <!--{"tag": "REL_2.8.0_REL12_RFP_RC3_2", "created": "2020-07-20 16:11:26 +0800"}-->
  </sdk_component>
  <sdk_component id="middleware.usb.host_cdc_rndis" name="USB Host CDC RNDIS" prj_file="undefined_value.c" version="2.6.0" version_prj_files="undefined_value.h">
    <!--{"tag": "REL_2.8.0_REL12_RFP_RC3_2", "created": "2020-07-20 16:11:26 +0800"}-->
  </sdk_component>
  <sdk_component id="middleware.usb.host_controller_khci" name="USB Host KHCI Controller Driver(FS)" prj_file="undefined_value.c" version="2.6.0" version_prj_files="undefined_value.h">
    <!--{"tag": "REL_2.8.0_REL12_RFP_RC3_2", "created": "2020-07-20 16:11:26 +0800"}-->
  </sdk_component>
  <sdk_component id="middleware.usb.host_hid" name="USB Host HID" prj_file="undefined_value.c" version="2.6.0" version_prj_files="undefined_value.h">
    <!--{"tag": "REL_2.8.0_REL12_RFP_RC3_2", "created": "2020-07-20 16:11:26 +0800"}-->
  </sdk_component>
  <sdk_component id="middleware.usb.host_msd" name="USB Host MSD" prj_file="undefined_value.c" version="2.6.0" version_prj_files="undefined_value.h">
    <!--{"tag": "REL_2.8.0_REL12_RFP_RC3_2", "created": "2020-07-20 16:11:26 +0800"}-->
  </sdk_component>
  <sdk_component id="middleware.usb.host_phdc" name="USB Host PHDC" prj_file="undefined_value.c" version="2.6.0" version_prj_files="undefined_value.h">
    <!--{"tag": "REL_2.8.0_REL12_RFP_RC3_2", "created": "2020-07-20 16:11:26 +0800"}-->
  </sdk_component>
  <sdk_component id="middleware.usb.host_printer" name="USB Host Printer" prj_file="undefined_value.c" version="2.6.0" version_prj_files="undefined_value.h">
    <!--{"tag": "REL_2.8.0_REL12_RFP_RC3_2", "created": "2020-07-20 16:11:26 +0800"}-->
  </sdk_component>
  <sdk_component id="middleware.usb.host_video" name="USB Host Video" prj_file="undefined_value.c" version="2.6.0" version_prj_files="undefined_value.h">
    <!--{"tag": "REL_2.8.0_REL12_RFP_RC3_2", "created": "2020-07-20 16:11:26 +0800"}-->
  </sdk_component>
  <sdk_component Cbundle="MCUXpresso SDK" Cclass="Device" Cgroup="SDK Drivers" Csub="adc" Cvendor="NXP" id="platform.drivers.adc16" name="ADC16 Driver" prj_file="fsl_adc16.c" version="2.1.0" version_prj_files="fsl_adc16.h">
    <!--{"tag": "REL_2.8.0_REL12_RFP_RC3_2", "created": "2020-07-20 16:11:26 +0800"}-->
  </sdk_component>
  <sdk_component Cbundle="MCUXpresso SDK" Cclass="Device" Cgroup="SDK Drivers" Csub="common" Cvendor="NXP" id="platform.drivers.common" name="COMMON Driver" prj_file="fsl_common.c" version="2.2.4" version_prj_files="fsl_common.h">
    <!--{"tag": "REL_2.8.0_REL12_RFP_RC3_2", "created": "2020-07-20 16:11:26 +0800"}-->
  </sdk_component>
  <sdk_component Cbundle="MCUXpresso SDK" Cclass="Device" Cgroup="SDK Drivers" Csub="dspi" Cvendor="NXP" id="platform.drivers.dspi" name="DSPI Driver" prj_file="fsl_dspi.c" version="2.2.4" version_prj_files="fsl_dspi.h">
    <!--{"tag": "REL_2.8.0_REL12_RFP_RC3_2", "created": "2020-07-20 16:11:26 +0800"}-->
  </sdk_component>
  <sdk_component Cbundle="MCUXpresso SDK" Cclass="Device" Cgroup="SDK Drivers" Csub="dspi_edma" Cvendor="NXP" id="platform.drivers.dspi_edma" name="DSPI_EDMA Driver" prj_file="fsl_dspi_edma.c" version="2.2.4" version_prj_files="fsl_dspi_edma.h">
    <!--{"tag": "REL_2.8.0_REL12_RFP_RC3_2", "created": "2020-07-20 16:11:26 +0800"}-->
  </sdk_component>
  <sdk_component Cbundle="MCUXpresso SDK" Cclass="Device" Cgroup="SDK Drivers" Csub="dspi_freertos" Cvendor="NXP" id="platform.drivers.dspi_freertos" name="DSPI Freertos Driver" prj_file="fsl_dspi_freertos.c" version="2.2.4" version_prj_files="fsl_dspi_freertos.h">
    <!--{"tag": "REL_2.8.0_REL12_RFP_RC3_2", "created": "2020-07-20 16:11:26 +0800"}-->
  </sdk_component>
  <sdk_component Cbundle="MCUXpresso SDK" Cclass="Device" Cgroup="SDK Drivers" Csub="edma" Cvendor="NXP" id="platform.drivers.edma" name="EDMA Driver" prj_file="fsl_edma.c" version="2.3.2" version_prj_files="fsl_edma.h">
    <!--{"tag": "REL_2.8.0_REL12_RFP_RC3_2", "created": "2020-07-20 16:11:26 +0800"}-->
  </sdk_component>
  <sdk_component Cbundle="MCUXpresso SDK" Cclass="Device" Cgroup="SDK Drivers" Csub="enet" Cvendor="NXP" id="platform.drivers.enet" name="ENET Driver" prj_file="fsl_enet.c" version="2.3.0" version_prj_files="fsl_enet.h">
    <!--{"tag": "REL_2.8.0_REL12_RFP_RC3_2", "created": "2020-07-20 16:11:26 +0800"}-->
  </sdk_component>
  <sdk_component Cbundle="MCUXpresso SDK" Cclass="Device" Cgroup="SDK Drivers" Csub="ewm" Cvendor="NXP" id="platform.drivers.ewm" name="EWM Driver" prj_file="fsl_ewm.c" version="2.0.3" version_prj_files="fsl_ewm.h">
    <!--{"tag": "REL_2.8.0_REL12_RFP_RC3_2", "created": "2020-07-20 16:11:26 +0800"}-->
  </sdk_component>
  <sdk_component Cbundle="MCUXpresso SDK" Cclass="Device" Cgroup="SDK Drivers" Csub="flexcan" Cvendor="NXP" id="platform.drivers.flexcan" name="FLEXCAN Driver" prj_file="fsl_flexcan.c" version="2.5.2" version_prj_files="fsl_flexcan.h">
    <!--{"tag": "REL_2.8.0_REL12_RFP_RC3_2", "created": "2020-07-20 16:11:26 +0800"}-->
  </sdk_component>
  <sdk_component Cbundle="MCUXpresso SDK" Cclass="Device" Cgroup="SDK Drivers" Csub="ftm" Cvendor="NXP" id="platform.drivers.ftm" name="FTM Driver" prj_file="fsl_ftm.c" version="2.2.3" version_prj_files="fsl_ftm.h">
    <!--{"tag": "REL_2.8.0_REL12_RFP_RC3_2", "created": "2020-07-20 16:11:26 +0800"}-->
  </sdk_component>
  <sdk_component Cbundle="MCUXpresso SDK" Cclass="Device" Cgroup="SDK Drivers" Csub="gpio" Cvendor="NXP" id="platform.drivers.gpio" name="GPIO Driver" prj_file="fsl_gpio.c" version="2.5.1" version_prj_files="fsl_gpio.h">
    <!--{"tag": "REL_2.8.0_REL12_RFP_RC3_2", "created": "2020-07-20 16:11:26 +0800"}-->
  </sdk_component>
  <sdk_component Cbundle="MCUXpresso SDK" Cclass="Device" Cgroup="SDK Drivers" Csub="llwu" Cvendor="NXP" id="platform.drivers.llwu" name="LLWU Driver" prj_file="fsl_llwu.c" version="2.0.5" version_prj_files="fsl_llwu.h">
    <!--{"tag": "REL_2.8.0_REL12_RFP_RC3_2", "created": "2020-07-20 16:11:26 +0800"}-->
  </sdk_component>
  <sdk_component Cbundle="MCUXpresso SDK" Cclass="Device" Cgroup="SDK Drivers" Csub="pdb" Cvendor="NXP" id="platform.drivers.pdb" name="PDB Driver" prj_file="fsl_pdb.c" version="2.0.4" version_prj_files="fsl_pdb.h">
    <!--{"tag": "REL_2.8.0_REL12_RFP_RC3_2", "created": "2020-07-20 16:11:26 +0800"}-->
  </sdk_component>
  <sdk_component Cbundle="MCUXpresso SDK" Cclass="Device" Cgroup="SDK Drivers" Csub="pit" Cvendor="NXP" id="platform.drivers.pit" name="PIT Driver" prj_file="fsl_pit.c" version="2.0.3" version_prj_files="fsl_pit.h">
    <!--{"tag": "REL_2.8.0_REL12_RFP_RC3_2", "created": "2020-07-20 16:11:26 +0800"}-->
  </sdk_component>
  <sdk_component Cbundle="MCUXpresso SDK" Cclass="Device" Cgroup="SDK Drivers" Csub="pmc" Cvendor="NXP" id="platform.drivers.pmc" name="PMC Driver" prj_file="fsl_pmc.c" version="2.0.3" version_prj_files="fsl_pmc.h">
    <!--{"tag": "REL_2.8.0_REL12_RFP_RC3_2", "created": "2020-07-20 16:11:26 +0800"}-->
  </sdk_component>
  <sdk_component Cbundle="MCUXpresso SDK" Cclass="Device" Cgroup="SDK Drivers" Csub="rcm" Cvendor="NXP" id="platform.drivers.rcm" name="RCM Driver" prj_file="fsl_rcm.c" version="2.0.4" version_prj_files="fsl_rcm.h">
    <!--{"tag": "REL_2.8.0_REL12_RFP_RC3_2", "created": "2020-07-20 16:11:26 +0800"}-->
  </sdk_component>
  <sdk_component Cbundle="MCUXpresso SDK" Cclass="Device" Cgroup="SDK Drivers" Csub="sai" Cvendor="NXP" id="platform.drivers.sai" name="SAI Driver" prj_file="fsl_sai.c" version="2.3.1" version_prj_files="fsl_sai.h">
    <!--{"tag": "REL_2.8.0_REL12_RFP_RC3_2", "created": "2020-07-20 16:11:26 +0800"}-->
  </sdk_component>
  <sdk_component Cbundle="MCUXpresso SDK" Cclass="Device" Cgroup="SDK Drivers" Csub="sai_edma" Cvendor="NXP" id="platform.drivers.sai_edma" name="SAI EDMA Driver" prj_file="fsl_sai_edma.c" version="2.3.1" version_prj_files="fsl_sai_edma.h">
    <!--{"tag": "REL_2.8.0_REL12_RFP_RC3_2", "created": "2020-07-20 16:11:26 +0800"}-->
  </sdk_component>
  <sdk_component Cbundle="MCUXpresso SDK" Cclass="Device" Cgroup="SDK Drivers" Csub="sdhc" Cvendor="NXP" id="platform.drivers.sdhc" name="SDHC Driver" prj_file="fsl_sdhc.c" version="2.1.11" version_prj_files="fsl_sdhc.h">
    <!--{"tag": "REL_2.8.0_REL12_RFP_RC3_2", "created": "2020-07-20 16:11:26 +0800"}-->
  </sdk_component>
  <sdk_component Cbundle="MCUXpresso SDK" Cclass="Device" Cgroup="SDK Drivers" Csub="smc" Cvendor="NXP" id="platform.drivers.smc" name="SMC Driver" prj_file="fsl_smc.c" version="2.0.7" version_prj_files="fsl_smc.h">
    <!--{"tag": "REL_2.8.0_REL12_RFP_RC3_2", "created": "2020-07-20 16:11:26 +0800"}-->
  </sdk_component>
  <sdk_component Cbundle="MCUXpresso SDK" Cclass="Device" Cgroup="SDK Drivers" Csub="sysmpu" Cvendor="NXP" id="platform.drivers.sysmpu" name="SYSMPU Driver" prj_file="fsl_sysmpu.c" version="2.2.3" version_prj_files="fsl_sysmpu.h">
    <!--{"tag": "REL_2.8.0_REL12_RFP_RC3_2", "created": "2020-07-20 16:11:26 +0800"}-->
  </sdk_component>
  <sdk_component Cbundle="MCUXpresso SDK" Cclass="Device" Cgroup="SDK Drivers" Csub="uart" Cvendor="NXP" id="platform.drivers.uart" name="UART Driver" prj_file="fsl_uart.c" version="2.3.0" version_prj_files="fsl_uart.h">
    <!--{"tag": "REL_2.8.0_REL12_RFP_RC3_2", "created": "2020-07-20 16:11:26 +0800"}-->
  </sdk_component>
  <sdk_component Cbundle="MCUXpresso SDK" Cclass="Device" Cgroup="SDK Drivers" Csub="uart_edma" Cvendor="NXP" id="platform.drivers.uart_edma" name="UART EDMA Driver" prj_file="fsl_uart_edma.c" version="2.3.0" version_prj_files="fsl_uart_edma.h">
    <!--{"tag": "REL_2.8.0_REL12_RFP_RC3_2", "created": "2020-07-20 16:11:26 +0800"}-->
  </sdk_component>
  <sdk_component Cbundle="MCUXpresso SDK" Cclass="Device" Cgroup="SDK Drivers" Csub="uart_freertos" Cvendor="NXP" id="platform.drivers.uart_freertos" name="UART FREERTOS Driver" prj_file="fsl_uart_freertos.c" version="2.3.0" version_prj_files="fsl_uart_freertos.h">
    <!--{"tag": "REL_2.8.0_REL12_RFP_RC3_2", "created": "2020-07-20 16:11:26 +0800"}-->
  </sdk_component>
  <sdk_component Cbundle="MCUXpresso SDK" Cclass="Device" Cgroup="SDK Utilities" Csub="debug_console" Cvendor="NXP" id="utility.debug_console" name="Utility debug_console" prj_file="undefined_value.c" version="1.0.0" version_prj_files="undefined_value.h">
    <!--{"tag": "REL_2.8.0_REL12_RFP_RC3_2", "created": "2020-07-20 16:11:26 +0800"}-->
  </sdk_component>
</sdk_components>
