<?xml version="1.0" encoding="UTF-8"?>
<ksdk:examples xmlns:ksdk="http://nxp.com/ksdk/2.0/ksdk_manifest_v3.0.xsd" xmlns:xsi="http://www.w3.org/2001/XMLSchema-instance" xsi:schemaLocation="http://nxp.com/ksdk/2.0/ksdk_manifest_v3.0.xsd manifest.xsd">
  <externalDefinitions>
    <definition extID="com.nxp.mcuxpresso"/>
    <definition extID="component.lists.MK64F12"/>
    <definition extID="component.serial_manager.MK64F12"/>
    <definition extID="component.serial_manager_uart.MK64F12"/>
    <definition extID="component.uart_adapter.MK64F12"/>
    <definition extID="device.MK64F12_CMSIS.MK64F12"/>
    <definition extID="device.MK64F12_startup.MK64F12"/>
    <definition extID="platform.Include_common.MK64F12"/>
    <definition extID="platform.Include_core_cm4.MK64F12"/>
    <definition extID="platform.Include_dsp.MK64F12"/>
    <definition extID="platform.drivers.clock.MK64F12"/>
    <definition extID="platform.drivers.cmt.MK64F12"/>
    <definition extID="platform.drivers.common.MK64F12"/>
    <definition extID="platform.drivers.flash.MK64F12"/>
    <definition extID="platform.drivers.gpio.MK64F12"/>
    <definition extID="platform.drivers.port.MK64F12"/>
    <definition extID="platform.drivers.smc.MK64F12"/>
    <definition extID="platform.drivers.uart.MK64F12"/>
    <definition extID="platform.utilities.assert.MK64F12"/>
    <definition extID="platform.utilities.misc_utilities.MK64F12"/>
    <definition extID="utility.debug_console.MK64F12"/>
    <definition extID="iar"/>
    <definition extID="mdk"/>
    <definition extID="armgcc"/>
    <definition extID="mcuxpresso"/>
  </externalDefinitions>
  <example id="frdmk64f_cmt" name="cmt" category="driver_examples" dependency="platform.drivers.cmt.MK64F12 platform.drivers.port.MK64F12 platform.drivers.flash.MK64F12 platform.drivers.gpio.MK64F12 platform.drivers.clock.MK64F12 utility.debug_console.MK64F12 platform.drivers.uart.MK64F12 platform.drivers.smc.MK64F12 device.MK64F12_CMSIS.MK64F12 component.uart_adapter.MK64F12 component.serial_manager.MK64F12 platform.drivers.common.MK64F12 component.lists.MK64F12 component.serial_manager_uart.MK64F12 device.MK64F12_startup.MK64F12 platform.utilities.assert.MK64F12 platform.Include_core_cm4.MK64F12 platform.Include_common.MK64F12 platform.Include_dsp.MK64F12 platform.utilities.misc_utilities.MK64F12">
    <projects>
      <project type="com.crt.advproject.projecttype.exe" nature="org.eclipse.cdt.core.cnature"/>
    </projects>
    <toolchainSettings>
      <toolchainSetting id_refs="com.nxp.mcuxpresso">
        <option id="com.crt.advproject.gas.fpu" type="enum">
          <value>com.crt.advproject.gas.fpu.fpv4.hard</value>
        </option>
        <option id="com.crt.advproject.gcc.fpu" type="enum">
          <value>com.crt.advproject.gcc.fpu.fpv4.hard</value>
        </option>
        <option id="com.crt.advproject.c.misc.dialect" type="enum">
          <value>com.crt.advproject.misc.dialect.gnu99</value>
        </option>
        <option id="gnu.c.compiler.option.preprocessor.def.symbols" type="stringList">
          <value>CPU_MK64FN1M0VLL12</value>
          <value>FRDM_K64F</value>
          <value>FREEDOM</value>
          <value>SERIAL_PORT_TYPE_UART=1</value>
        </option>
        <option id="gnu.c.compiler.option.optimization.flags" type="string">
          <value>-fno-common</value>
        </option>
        <option id="gnu.c.compiler.option.misc.other" type="string">
          <value>-c  -ffunction-sections  -fdata-sections  -ffreestanding  -fno-builtin</value>
        </option>
        <option id="com.crt.advproject.link.fpu" type="enum">
          <value>com.crt.advproject.link.fpu.fpv4.hard</value>
        </option>
        <option id="gnu.c.link.option.nostdlibs" type="boolean">
          <value>true</value>
        </option>
      </toolchainSetting>
    </toolchainSettings>
    <source path="boards/frdmk64f/driver_examples/cmt/armgcc" target_path="MK64F12/gcc" type="linker" toolchain="armgcc">
      <files mask="MK64FN1M0xxx12_flash.ld"/>
    </source>
    <source path="boards/frdmk64f/driver_examples/cmt/iar" target_path="MK64F12/iar" type="linker" toolchain="iar">
      <files mask="MK64FN1M0xxx12_flash.icf"/>
    </source>
    <source path="boards/frdmk64f/driver_examples/cmt/mdk" target_path="MK64F12/arm" type="linker" toolchain="mdk">
      <files mask="MK64FN1M0xxx12_flash.scf"/>
    </source>
    <source path="boards/frdmk64f/driver_examples/cmt" target_path="board" type="c_include">
      <files mask="board.h"/>
      <files mask="clock_config.h"/>
      <files mask="pin_mux.h"/>
    </source>
    <source path="boards/frdmk64f/driver_examples/cmt" target_path="board" type="src">
      <files mask="board.c"/>
      <files mask="clock_config.c"/>
      <files mask="pin_mux.c"/>
    </source>
    <source path="boards/frdmk64f/driver_examples/cmt" target_path="doc" type="doc" toolchain="iar mdk mcuxpresso armgcc">
      <files mask="readme.txt"/>
    </source>
    <source path="boards/frdmk64f/driver_examples/cmt" target_path="source" type="src">
      <files mask="cmt.c"/>
    </source>
  </example>
</ksdk:examples>
