<?xml version="1.0"?>
<regs:peripheral xmlns:regs="http://swtools.freescale.net/XSD/registers/4.0/regsPeripheral.xsd" xmlns:xsi="http://www.w3.org/2001/XMLSchema-instance" xsi:schemaLocation="http://swtools.freescale.net/XSD/registers/4.0/regsPeripheral.xsd http://swtools.freescale.net/XSD/registers/4.0/regsPeripheral.xsd">
  <register offset="0" width="8" name="DAT0L" description="DAC Data Low Register">
    <alias type="CMSIS" value="DAT[0].DATL"/>
    <bit_field offset="0" width="8" name="DATA0" access="RW" reset_value="0" description="When the DAC buffer is not enabled, DATA[11:0] controls the output voltage based on the following formula: V out = V in * (1 + DACDAT0[11:0])/4096 When the DAC buffer is enabled, DATA is mapped to the 16-word buffer.">
      <alias type="CMSIS" value="DAC_DATL_DATA0(x)"/>
    </bit_field>
  </register>
  <register offset="0x1" width="8" name="DAT0H" description="DAC Data High Register">
    <alias type="CMSIS" value="DAT[0].DATH"/>
    <bit_field offset="0" width="4" name="DATA1" access="RW" reset_value="0" description="When the DAC Buffer is not enabled, DATA[11:0] controls the output voltage based on the following formula. V out = V in * (1 + DACDAT0[11:0])/4096 When the DAC buffer is enabled, DATA[11:0] is mapped to the 16-word buffer.">
      <alias type="CMSIS" value="DAC_DATH_DATA1(x)"/>
      <alias type="id" value="DATA"/>
    </bit_field>
    <reserved_bit_field offset="4" width="4" reset_value="0"/>
  </register>
  <register offset="0x2" width="8" name="DAT1L" description="DAC Data Low Register">
    <alias type="CMSIS" value="DAT[1].DATL"/>
    <bit_field offset="0" width="8" name="DATA0" access="RW" reset_value="0" description="When the DAC buffer is not enabled, DATA[11:0] controls the output voltage based on the following formula: V out = V in * (1 + DACDAT0[11:0])/4096 When the DAC buffer is enabled, DATA is mapped to the 16-word buffer.">
      <alias type="CMSIS" value="DAC_DATL_DATA0(x)"/>
    </bit_field>
  </register>
  <register offset="0x3" width="8" name="DAT1H" description="DAC Data High Register">
    <alias type="CMSIS" value="DAT[1].DATH"/>
    <bit_field offset="0" width="4" name="DATA1" access="RW" reset_value="0" description="When the DAC Buffer is not enabled, DATA[11:0] controls the output voltage based on the following formula. V out = V in * (1 + DACDAT0[11:0])/4096 When the DAC buffer is enabled, DATA[11:0] is mapped to the 16-word buffer.">
      <alias type="CMSIS" value="DAC_DATH_DATA1(x)"/>
      <alias type="id" value="DATA"/>
    </bit_field>
    <reserved_bit_field offset="4" width="4" reset_value="0"/>
  </register>
  <register offset="0x4" width="8" name="DAT2L" description="DAC Data Low Register">
    <alias type="CMSIS" value="DAT[2].DATL"/>
    <bit_field offset="0" width="8" name="DATA0" access="RW" reset_value="0" description="When the DAC buffer is not enabled, DATA[11:0] controls the output voltage based on the following formula: V out = V in * (1 + DACDAT0[11:0])/4096 When the DAC buffer is enabled, DATA is mapped to the 16-word buffer.">
      <alias type="CMSIS" value="DAC_DATL_DATA0(x)"/>
    </bit_field>
  </register>
  <register offset="0x5" width="8" name="DAT2H" description="DAC Data High Register">
    <alias type="CMSIS" value="DAT[2].DATH"/>
    <bit_field offset="0" width="4" name="DATA1" access="RW" reset_value="0" description="When the DAC Buffer is not enabled, DATA[11:0] controls the output voltage based on the following formula. V out = V in * (1 + DACDAT0[11:0])/4096 When the DAC buffer is enabled, DATA[11:0] is mapped to the 16-word buffer.">
      <alias type="CMSIS" value="DAC_DATH_DATA1(x)"/>
      <alias type="id" value="DATA"/>
    </bit_field>
    <reserved_bit_field offset="4" width="4" reset_value="0"/>
  </register>
  <register offset="0x6" width="8" name="DAT3L" description="DAC Data Low Register">
    <alias type="CMSIS" value="DAT[3].DATL"/>
    <bit_field offset="0" width="8" name="DATA0" access="RW" reset_value="0" description="When the DAC buffer is not enabled, DATA[11:0] controls the output voltage based on the following formula: V out = V in * (1 + DACDAT0[11:0])/4096 When the DAC buffer is enabled, DATA is mapped to the 16-word buffer.">
      <alias type="CMSIS" value="DAC_DATL_DATA0(x)"/>
    </bit_field>
  </register>
  <register offset="0x7" width="8" name="DAT3H" description="DAC Data High Register">
    <alias type="CMSIS" value="DAT[3].DATH"/>
    <bit_field offset="0" width="4" name="DATA1" access="RW" reset_value="0" description="When the DAC Buffer is not enabled, DATA[11:0] controls the output voltage based on the following formula. V out = V in * (1 + DACDAT0[11:0])/4096 When the DAC buffer is enabled, DATA[11:0] is mapped to the 16-word buffer.">
      <alias type="CMSIS" value="DAC_DATH_DATA1(x)"/>
      <alias type="id" value="DATA"/>
    </bit_field>
    <reserved_bit_field offset="4" width="4" reset_value="0"/>
  </register>
  <register offset="0x8" width="8" name="DAT4L" description="DAC Data Low Register">
    <alias type="CMSIS" value="DAT[4].DATL"/>
    <bit_field offset="0" width="8" name="DATA0" access="RW" reset_value="0" description="When the DAC buffer is not enabled, DATA[11:0] controls the output voltage based on the following formula: V out = V in * (1 + DACDAT0[11:0])/4096 When the DAC buffer is enabled, DATA is mapped to the 16-word buffer.">
      <alias type="CMSIS" value="DAC_DATL_DATA0(x)"/>
    </bit_field>
  </register>
  <register offset="0x9" width="8" name="DAT4H" description="DAC Data High Register">
    <alias type="CMSIS" value="DAT[4].DATH"/>
    <bit_field offset="0" width="4" name="DATA1" access="RW" reset_value="0" description="When the DAC Buffer is not enabled, DATA[11:0] controls the output voltage based on the following formula. V out = V in * (1 + DACDAT0[11:0])/4096 When the DAC buffer is enabled, DATA[11:0] is mapped to the 16-word buffer.">
      <alias type="CMSIS" value="DAC_DATH_DATA1(x)"/>
      <alias type="id" value="DATA"/>
    </bit_field>
    <reserved_bit_field offset="4" width="4" reset_value="0"/>
  </register>
  <register offset="0xA" width="8" name="DAT5L" description="DAC Data Low Register">
    <alias type="CMSIS" value="DAT[5].DATL"/>
    <bit_field offset="0" width="8" name="DATA0" access="RW" reset_value="0" description="When the DAC buffer is not enabled, DATA[11:0] controls the output voltage based on the following formula: V out = V in * (1 + DACDAT0[11:0])/4096 When the DAC buffer is enabled, DATA is mapped to the 16-word buffer.">
      <alias type="CMSIS" value="DAC_DATL_DATA0(x)"/>
    </bit_field>
  </register>
  <register offset="0xB" width="8" name="DAT5H" description="DAC Data High Register">
    <alias type="CMSIS" value="DAT[5].DATH"/>
    <bit_field offset="0" width="4" name="DATA1" access="RW" reset_value="0" description="When the DAC Buffer is not enabled, DATA[11:0] controls the output voltage based on the following formula. V out = V in * (1 + DACDAT0[11:0])/4096 When the DAC buffer is enabled, DATA[11:0] is mapped to the 16-word buffer.">
      <alias type="CMSIS" value="DAC_DATH_DATA1(x)"/>
      <alias type="id" value="DATA"/>
    </bit_field>
    <reserved_bit_field offset="4" width="4" reset_value="0"/>
  </register>
  <register offset="0xC" width="8" name="DAT6L" description="DAC Data Low Register">
    <alias type="CMSIS" value="DAT[6].DATL"/>
    <bit_field offset="0" width="8" name="DATA0" access="RW" reset_value="0" description="When the DAC buffer is not enabled, DATA[11:0] controls the output voltage based on the following formula: V out = V in * (1 + DACDAT0[11:0])/4096 When the DAC buffer is enabled, DATA is mapped to the 16-word buffer.">
      <alias type="CMSIS" value="DAC_DATL_DATA0(x)"/>
    </bit_field>
  </register>
  <register offset="0xD" width="8" name="DAT6H" description="DAC Data High Register">
    <alias type="CMSIS" value="DAT[6].DATH"/>
    <bit_field offset="0" width="4" name="DATA1" access="RW" reset_value="0" description="When the DAC Buffer is not enabled, DATA[11:0] controls the output voltage based on the following formula. V out = V in * (1 + DACDAT0[11:0])/4096 When the DAC buffer is enabled, DATA[11:0] is mapped to the 16-word buffer.">
      <alias type="CMSIS" value="DAC_DATH_DATA1(x)"/>
      <alias type="id" value="DATA"/>
    </bit_field>
    <reserved_bit_field offset="4" width="4" reset_value="0"/>
  </register>
  <register offset="0xE" width="8" name="DAT7L" description="DAC Data Low Register">
    <alias type="CMSIS" value="DAT[7].DATL"/>
    <bit_field offset="0" width="8" name="DATA0" access="RW" reset_value="0" description="When the DAC buffer is not enabled, DATA[11:0] controls the output voltage based on the following formula: V out = V in * (1 + DACDAT0[11:0])/4096 When the DAC buffer is enabled, DATA is mapped to the 16-word buffer.">
      <alias type="CMSIS" value="DAC_DATL_DATA0(x)"/>
    </bit_field>
  </register>
  <register offset="0xF" width="8" name="DAT7H" description="DAC Data High Register">
    <alias type="CMSIS" value="DAT[7].DATH"/>
    <bit_field offset="0" width="4" name="DATA1" access="RW" reset_value="0" description="When the DAC Buffer is not enabled, DATA[11:0] controls the output voltage based on the following formula. V out = V in * (1 + DACDAT0[11:0])/4096 When the DAC buffer is enabled, DATA[11:0] is mapped to the 16-word buffer.">
      <alias type="CMSIS" value="DAC_DATH_DATA1(x)"/>
      <alias type="id" value="DATA"/>
    </bit_field>
    <reserved_bit_field offset="4" width="4" reset_value="0"/>
  </register>
  <register offset="0x10" width="8" name="DAT8L" description="DAC Data Low Register">
    <alias type="CMSIS" value="DAT[8].DATL"/>
    <bit_field offset="0" width="8" name="DATA0" access="RW" reset_value="0" description="When the DAC buffer is not enabled, DATA[11:0] controls the output voltage based on the following formula: V out = V in * (1 + DACDAT0[11:0])/4096 When the DAC buffer is enabled, DATA is mapped to the 16-word buffer.">
      <alias type="CMSIS" value="DAC_DATL_DATA0(x)"/>
    </bit_field>
  </register>
  <register offset="0x11" width="8" name="DAT8H" description="DAC Data High Register">
    <alias type="CMSIS" value="DAT[8].DATH"/>
    <bit_field offset="0" width="4" name="DATA1" access="RW" reset_value="0" description="When the DAC Buffer is not enabled, DATA[11:0] controls the output voltage based on the following formula. V out = V in * (1 + DACDAT0[11:0])/4096 When the DAC buffer is enabled, DATA[11:0] is mapped to the 16-word buffer.">
      <alias type="CMSIS" value="DAC_DATH_DATA1(x)"/>
      <alias type="id" value="DATA"/>
    </bit_field>
    <reserved_bit_field offset="4" width="4" reset_value="0"/>
  </register>
  <register offset="0x12" width="8" name="DAT9L" description="DAC Data Low Register">
    <alias type="CMSIS" value="DAT[9].DATL"/>
    <bit_field offset="0" width="8" name="DATA0" access="RW" reset_value="0" description="When the DAC buffer is not enabled, DATA[11:0] controls the output voltage based on the following formula: V out = V in * (1 + DACDAT0[11:0])/4096 When the DAC buffer is enabled, DATA is mapped to the 16-word buffer.">
      <alias type="CMSIS" value="DAC_DATL_DATA0(x)"/>
    </bit_field>
  </register>
  <register offset="0x13" width="8" name="DAT9H" description="DAC Data High Register">
    <alias type="CMSIS" value="DAT[9].DATH"/>
    <bit_field offset="0" width="4" name="DATA1" access="RW" reset_value="0" description="When the DAC Buffer is not enabled, DATA[11:0] controls the output voltage based on the following formula. V out = V in * (1 + DACDAT0[11:0])/4096 When the DAC buffer is enabled, DATA[11:0] is mapped to the 16-word buffer.">
      <alias type="CMSIS" value="DAC_DATH_DATA1(x)"/>
      <alias type="id" value="DATA"/>
    </bit_field>
    <reserved_bit_field offset="4" width="4" reset_value="0"/>
  </register>
  <register offset="0x14" width="8" name="DAT10L" description="DAC Data Low Register">
    <alias type="CMSIS" value="DAT[10].DATL"/>
    <bit_field offset="0" width="8" name="DATA0" access="RW" reset_value="0" description="When the DAC buffer is not enabled, DATA[11:0] controls the output voltage based on the following formula: V out = V in * (1 + DACDAT0[11:0])/4096 When the DAC buffer is enabled, DATA is mapped to the 16-word buffer.">
      <alias type="CMSIS" value="DAC_DATL_DATA0(x)"/>
    </bit_field>
  </register>
  <register offset="0x15" width="8" name="DAT10H" description="DAC Data High Register">
    <alias type="CMSIS" value="DAT[10].DATH"/>
    <bit_field offset="0" width="4" name="DATA1" access="RW" reset_value="0" description="When the DAC Buffer is not enabled, DATA[11:0] controls the output voltage based on the following formula. V out = V in * (1 + DACDAT0[11:0])/4096 When the DAC buffer is enabled, DATA[11:0] is mapped to the 16-word buffer.">
      <alias type="CMSIS" value="DAC_DATH_DATA1(x)"/>
      <alias type="id" value="DATA"/>
    </bit_field>
    <reserved_bit_field offset="4" width="4" reset_value="0"/>
  </register>
  <register offset="0x16" width="8" name="DAT11L" description="DAC Data Low Register">
    <alias type="CMSIS" value="DAT[11].DATL"/>
    <bit_field offset="0" width="8" name="DATA0" access="RW" reset_value="0" description="When the DAC buffer is not enabled, DATA[11:0] controls the output voltage based on the following formula: V out = V in * (1 + DACDAT0[11:0])/4096 When the DAC buffer is enabled, DATA is mapped to the 16-word buffer.">
      <alias type="CMSIS" value="DAC_DATL_DATA0(x)"/>
    </bit_field>
  </register>
  <register offset="0x17" width="8" name="DAT11H" description="DAC Data High Register">
    <alias type="CMSIS" value="DAT[11].DATH"/>
    <bit_field offset="0" width="4" name="DATA1" access="RW" reset_value="0" description="When the DAC Buffer is not enabled, DATA[11:0] controls the output voltage based on the following formula. V out = V in * (1 + DACDAT0[11:0])/4096 When the DAC buffer is enabled, DATA[11:0] is mapped to the 16-word buffer.">
      <alias type="CMSIS" value="DAC_DATH_DATA1(x)"/>
      <alias type="id" value="DATA"/>
    </bit_field>
    <reserved_bit_field offset="4" width="4" reset_value="0"/>
  </register>
  <register offset="0x18" width="8" name="DAT12L" description="DAC Data Low Register">
    <alias type="CMSIS" value="DAT[12].DATL"/>
    <bit_field offset="0" width="8" name="DATA0" access="RW" reset_value="0" description="When the DAC buffer is not enabled, DATA[11:0] controls the output voltage based on the following formula: V out = V in * (1 + DACDAT0[11:0])/4096 When the DAC buffer is enabled, DATA is mapped to the 16-word buffer.">
      <alias type="CMSIS" value="DAC_DATL_DATA0(x)"/>
    </bit_field>
  </register>
  <register offset="0x19" width="8" name="DAT12H" description="DAC Data High Register">
    <alias type="CMSIS" value="DAT[12].DATH"/>
    <bit_field offset="0" width="4" name="DATA1" access="RW" reset_value="0" description="When the DAC Buffer is not enabled, DATA[11:0] controls the output voltage based on the following formula. V out = V in * (1 + DACDAT0[11:0])/4096 When the DAC buffer is enabled, DATA[11:0] is mapped to the 16-word buffer.">
      <alias type="CMSIS" value="DAC_DATH_DATA1(x)"/>
      <alias type="id" value="DATA"/>
    </bit_field>
    <reserved_bit_field offset="4" width="4" reset_value="0"/>
  </register>
  <register offset="0x1A" width="8" name="DAT13L" description="DAC Data Low Register">
    <alias type="CMSIS" value="DAT[13].DATL"/>
    <bit_field offset="0" width="8" name="DATA0" access="RW" reset_value="0" description="When the DAC buffer is not enabled, DATA[11:0] controls the output voltage based on the following formula: V out = V in * (1 + DACDAT0[11:0])/4096 When the DAC buffer is enabled, DATA is mapped to the 16-word buffer.">
      <alias type="CMSIS" value="DAC_DATL_DATA0(x)"/>
    </bit_field>
  </register>
  <register offset="0x1B" width="8" name="DAT13H" description="DAC Data High Register">
    <alias type="CMSIS" value="DAT[13].DATH"/>
    <bit_field offset="0" width="4" name="DATA1" access="RW" reset_value="0" description="When the DAC Buffer is not enabled, DATA[11:0] controls the output voltage based on the following formula. V out = V in * (1 + DACDAT0[11:0])/4096 When the DAC buffer is enabled, DATA[11:0] is mapped to the 16-word buffer.">
      <alias type="CMSIS" value="DAC_DATH_DATA1(x)"/>
      <alias type="id" value="DATA"/>
    </bit_field>
    <reserved_bit_field offset="4" width="4" reset_value="0"/>
  </register>
  <register offset="0x1C" width="8" name="DAT14L" description="DAC Data Low Register">
    <alias type="CMSIS" value="DAT[14].DATL"/>
    <bit_field offset="0" width="8" name="DATA0" access="RW" reset_value="0" description="When the DAC buffer is not enabled, DATA[11:0] controls the output voltage based on the following formula: V out = V in * (1 + DACDAT0[11:0])/4096 When the DAC buffer is enabled, DATA is mapped to the 16-word buffer.">
      <alias type="CMSIS" value="DAC_DATL_DATA0(x)"/>
    </bit_field>
  </register>
  <register offset="0x1D" width="8" name="DAT14H" description="DAC Data High Register">
    <alias type="CMSIS" value="DAT[14].DATH"/>
    <bit_field offset="0" width="4" name="DATA1" access="RW" reset_value="0" description="When the DAC Buffer is not enabled, DATA[11:0] controls the output voltage based on the following formula. V out = V in * (1 + DACDAT0[11:0])/4096 When the DAC buffer is enabled, DATA[11:0] is mapped to the 16-word buffer.">
      <alias type="CMSIS" value="DAC_DATH_DATA1(x)"/>
      <alias type="id" value="DATA"/>
    </bit_field>
    <reserved_bit_field offset="4" width="4" reset_value="0"/>
  </register>
  <register offset="0x1E" width="8" name="DAT15L" description="DAC Data Low Register">
    <alias type="CMSIS" value="DAT[15].DATL"/>
    <bit_field offset="0" width="8" name="DATA0" access="RW" reset_value="0" description="When the DAC buffer is not enabled, DATA[11:0] controls the output voltage based on the following formula: V out = V in * (1 + DACDAT0[11:0])/4096 When the DAC buffer is enabled, DATA is mapped to the 16-word buffer.">
      <alias type="CMSIS" value="DAC_DATL_DATA0(x)"/>
    </bit_field>
  </register>
  <register offset="0x1F" width="8" name="DAT15H" description="DAC Data High Register">
    <alias type="CMSIS" value="DAT[15].DATH"/>
    <bit_field offset="0" width="4" name="DATA1" access="RW" reset_value="0" description="When the DAC Buffer is not enabled, DATA[11:0] controls the output voltage based on the following formula. V out = V in * (1 + DACDAT0[11:0])/4096 When the DAC buffer is enabled, DATA[11:0] is mapped to the 16-word buffer.">
      <alias type="CMSIS" value="DAC_DATH_DATA1(x)"/>
      <alias type="id" value="DATA"/>
    </bit_field>
    <reserved_bit_field offset="4" width="4" reset_value="0"/>
  </register>
  <register offset="0x20" width="8" name="SR" description="DAC Status Register">
    <alias type="CMSIS" value="SR"/>
    <bit_field offset="0" width="1" name="DACBFRPBF" access="RW" reset_value="0" description="DAC Buffer Read Pointer Bottom Position Flag">
      <alias type="CMSIS" value="DAC_SR_DACBFRPBF(x)"/>
      <bit_field_value name="SR_DACBFRPBF_0b0" value="0b0" description="The DAC buffer read pointer is not equal to C2[DACBFUP]."/>
      <bit_field_value name="SR_DACBFRPBF_0b1" value="0b1" description="The DAC buffer read pointer is equal to C2[DACBFUP]."/>
    </bit_field>
    <bit_field offset="1" width="1" name="DACBFRPTF" access="RW" reset_value="0x1" description="DAC Buffer Read Pointer Top Position Flag">
      <alias type="CMSIS" value="DAC_SR_DACBFRPTF(x)"/>
      <bit_field_value name="SR_DACBFRPTF_0b0" value="0b0" description="The DAC buffer read pointer is not zero."/>
      <bit_field_value name="SR_DACBFRPTF_0b1" value="0b1" description="The DAC buffer read pointer is zero."/>
    </bit_field>
    <bit_field offset="2" width="1" name="DACBFWMF" access="RW" reset_value="0" description="DAC Buffer Watermark Flag">
      <alias type="CMSIS" value="DAC_SR_DACBFWMF(x)"/>
      <bit_field_value name="SR_DACBFWMF_0b0" value="0b0" description="The DAC buffer read pointer has not reached the watermark level."/>
      <bit_field_value name="SR_DACBFWMF_0b1" value="0b1" description="The DAC buffer read pointer has reached the watermark level."/>
    </bit_field>
    <reserved_bit_field offset="3" width="5" reset_value="0"/>
  </register>
  <register offset="0x21" width="8" name="C0" description="DAC Control Register">
    <alias type="CMSIS" value="C0"/>
    <bit_field offset="0" width="1" name="DACBBIEN" access="RW" reset_value="0" description="DAC Buffer Read Pointer Bottom Flag Interrupt Enable">
      <alias type="CMSIS" value="DAC_C0_DACBBIEN(x)"/>
      <bit_field_value name="C0_DACBBIEN_0b0" value="0b0" description="The DAC buffer read pointer bottom flag interrupt is disabled."/>
      <bit_field_value name="C0_DACBBIEN_0b1" value="0b1" description="The DAC buffer read pointer bottom flag interrupt is enabled."/>
    </bit_field>
    <bit_field offset="1" width="1" name="DACBTIEN" access="RW" reset_value="0" description="DAC Buffer Read Pointer Top Flag Interrupt Enable">
      <alias type="CMSIS" value="DAC_C0_DACBTIEN(x)"/>
      <bit_field_value name="C0_DACBTIEN_0b0" value="0b0" description="The DAC buffer read pointer top flag interrupt is disabled."/>
      <bit_field_value name="C0_DACBTIEN_0b1" value="0b1" description="The DAC buffer read pointer top flag interrupt is enabled."/>
    </bit_field>
    <bit_field offset="2" width="1" name="DACBWIEN" access="RW" reset_value="0" description="DAC Buffer Watermark Interrupt Enable">
      <alias type="CMSIS" value="DAC_C0_DACBWIEN(x)"/>
      <bit_field_value name="C0_DACBWIEN_0b0" value="0b0" description="The DAC buffer watermark interrupt is disabled."/>
      <bit_field_value name="C0_DACBWIEN_0b1" value="0b1" description="The DAC buffer watermark interrupt is enabled."/>
    </bit_field>
    <bit_field offset="3" width="1" name="LPEN" access="RW" reset_value="0" description="DAC Low Power Control">
      <alias type="CMSIS" value="DAC_C0_LPEN(x)"/>
      <bit_field_value name="C0_LPEN_0b0" value="0b0" description="High-Power mode"/>
      <bit_field_value name="C0_LPEN_0b1" value="0b1" description="Low-Power mode"/>
    </bit_field>
    <bit_field offset="4" width="1" name="DACSWTRG" access="WORZ" reset_value="0" description="DAC Software Trigger">
      <alias type="CMSIS" value="DAC_C0_DACSWTRG(x)"/>
      <bit_field_value name="C0_DACSWTRG_0b0" value="0b0" description="The DAC soft trigger is not valid."/>
      <bit_field_value name="C0_DACSWTRG_0b1" value="0b1" description="The DAC soft trigger is valid."/>
    </bit_field>
    <bit_field offset="5" width="1" name="DACTRGSEL" access="RW" reset_value="0" description="DAC Trigger Select">
      <alias type="CMSIS" value="DAC_C0_DACTRGSEL(x)"/>
      <bit_field_value name="C0_DACTRGSEL_0b0" value="0b0" description="The DAC hardware trigger is selected."/>
      <bit_field_value name="C0_DACTRGSEL_0b1" value="0b1" description="The DAC software trigger is selected."/>
    </bit_field>
    <bit_field offset="6" width="1" name="DACRFS" access="RW" reset_value="0" description="DAC Reference Select">
      <alias type="CMSIS" value="DAC_C0_DACRFS(x)"/>
      <bit_field_value name="C0_DACRFS_0b0" value="0b0" description="The DAC selects DACREF_1 as the reference voltage."/>
      <bit_field_value name="C0_DACRFS_0b1" value="0b1" description="The DAC selects DACREF_2 as the reference voltage."/>
    </bit_field>
    <bit_field offset="7" width="1" name="DACEN" access="RW" reset_value="0" description="DAC Enable">
      <alias type="CMSIS" value="DAC_C0_DACEN(x)"/>
      <bit_field_value name="C0_DACEN_0b0" value="0b0" description="The DAC system is disabled."/>
      <bit_field_value name="C0_DACEN_0b1" value="0b1" description="The DAC system is enabled."/>
    </bit_field>
  </register>
  <register offset="0x22" width="8" name="C1" description="DAC Control Register 1">
    <alias type="CMSIS" value="C1"/>
    <bit_field offset="0" width="1" name="DACBFEN" access="RW" reset_value="0" description="DAC Buffer Enable">
      <alias type="CMSIS" value="DAC_C1_DACBFEN(x)"/>
      <bit_field_value name="C1_DACBFEN_0b0" value="0b0" description="Buffer read pointer is disabled. The converted data is always the first word of the buffer."/>
      <bit_field_value name="C1_DACBFEN_0b1" value="0b1" description="Buffer read pointer is enabled. The converted data is the word that the read pointer points to. It means converted data can be from any word of the buffer."/>
    </bit_field>
    <bit_field offset="1" width="2" name="DACBFMD" access="RW" reset_value="0" description="DAC Buffer Work Mode Select">
      <alias type="CMSIS" value="DAC_C1_DACBFMD(x)"/>
      <bit_field_value name="C1_DACBFMD_0b00" value="0b00" description="Normal mode"/>
      <bit_field_value name="C1_DACBFMD_0b01" value="0b01" description="Swing mode"/>
      <bit_field_value name="C1_DACBFMD_0b10" value="0b10" description="One-Time Scan mode"/>
      <bit_field_value name="C1_DACBFMD_0b11" value="0b11" description="Reserved"/>
    </bit_field>
    <bit_field offset="3" width="2" name="DACBFWM" access="RW" reset_value="0" description="DAC Buffer Watermark Select">
      <alias type="CMSIS" value="DAC_C1_DACBFWM(x)"/>
      <bit_field_value name="C1_DACBFWM_0b00" value="0b00" description="1 word"/>
      <bit_field_value name="C1_DACBFWM_0b01" value="0b01" description="2 words"/>
      <bit_field_value name="C1_DACBFWM_0b10" value="0b10" description="3 words"/>
      <bit_field_value name="C1_DACBFWM_0b11" value="0b11" description="4 words"/>
    </bit_field>
    <reserved_bit_field offset="5" width="2" reset_value="0"/>
    <bit_field offset="7" width="1" name="DMAEN" access="RW" reset_value="0" description="DMA Enable Select">
      <alias type="CMSIS" value="DAC_C1_DMAEN(x)"/>
      <bit_field_value name="C1_DMAEN_0b0" value="0b0" description="DMA is disabled."/>
      <bit_field_value name="C1_DMAEN_0b1" value="0b1" description="DMA is enabled. When DMA is enabled, the DMA request will be generated by original interrupts. The interrupts will not be presented on this module at the same time."/>
    </bit_field>
  </register>
  <register offset="0x23" width="8" name="C2" description="DAC Control Register 2">
    <alias type="CMSIS" value="C2"/>
    <bit_field offset="0" width="4" name="DACBFUP" access="RW" reset_value="0xF" description="DAC Buffer Upper Limit">
      <alias type="CMSIS" value="DAC_C2_DACBFUP(x)"/>
    </bit_field>
    <bit_field offset="4" width="4" name="DACBFRP" access="RW" reset_value="0" description="DAC Buffer Read Pointer">
      <alias type="CMSIS" value="DAC_C2_DACBFRP(x)"/>
    </bit_field>
  </register>
</regs:peripheral>