<?xml version="1.0"?>
<regs:peripheral xmlns:regs="http://swtools.freescale.net/XSD/registers/4.0/regsPeripheral.xsd" xmlns:xsi="http://www.w3.org/2001/XMLSchema-instance" xsi:schemaLocation="http://swtools.freescale.net/XSD/registers/4.0/regsPeripheral.xsd http://swtools.freescale.net/XSD/registers/4.0/regsPeripheral.xsd">
  <register offset="0" width="8" name="PMPROT" description="Power Mode Protection register">
    <alias type="CMSIS" value="PMPROT"/>
    <reserved_bit_field offset="0" width="1" reset_value="0"/>
    <bit_field offset="1" width="1" name="AVLLS" access="RW" reset_value="0" description="Allow Very-Low-Leakage Stop Mode">
      <alias type="CMSIS" value="SMC_PMPROT_AVLLS(x)"/>
      <bit_field_value name="PMPROT_AVLLS_0b0" value="0b0" description="Any VLLSx mode is not allowed"/>
      <bit_field_value name="PMPROT_AVLLS_0b1" value="0b1" description="Any VLLSx mode is allowed"/>
    </bit_field>
    <reserved_bit_field offset="2" width="1" reset_value="0"/>
    <bit_field offset="3" width="1" name="ALLS" access="RW" reset_value="0" description="Allow Low-Leakage Stop Mode">
      <alias type="CMSIS" value="SMC_PMPROT_ALLS(x)"/>
      <bit_field_value name="PMPROT_ALLS_0b0" value="0b0" description="LLS is not allowed"/>
      <bit_field_value name="PMPROT_ALLS_0b1" value="0b1" description="LLS is allowed"/>
    </bit_field>
    <reserved_bit_field offset="4" width="1" reset_value="0"/>
    <bit_field offset="5" width="1" name="AVLP" access="RW" reset_value="0" description="Allow Very-Low-Power Modes">
      <alias type="CMSIS" value="SMC_PMPROT_AVLP(x)"/>
      <bit_field_value name="PMPROT_AVLP_0b0" value="0b0" description="VLPR, VLPW, and VLPS are not allowed."/>
      <bit_field_value name="PMPROT_AVLP_0b1" value="0b1" description="VLPR, VLPW, and VLPS are allowed."/>
    </bit_field>
    <reserved_bit_field offset="6" width="1" reset_value="0"/>
    <reserved_bit_field offset="7" width="1" reset_value="0"/>
  </register>
  <register offset="0x1" width="8" name="PMCTRL" description="Power Mode Control register">
    <alias type="CMSIS" value="PMCTRL"/>
    <bit_field offset="0" width="3" name="STOPM" access="RW" reset_value="0" description="Stop Mode Control">
      <alias type="CMSIS" value="SMC_PMCTRL_STOPM(x)"/>
      <bit_field_value name="PMCTRL_STOPM_0b000" value="0b000" description="Normal Stop (STOP)"/>
      <bit_field_value name="PMCTRL_STOPM_0b001" value="0b001" description="Reserved"/>
      <bit_field_value name="PMCTRL_STOPM_0b010" value="0b010" description="Very-Low-Power Stop (VLPS)"/>
      <bit_field_value name="PMCTRL_STOPM_0b011" value="0b011" description="Low-Leakage Stop (LLS)"/>
      <bit_field_value name="PMCTRL_STOPM_0b100" value="0b100" description="Very-Low-Leakage Stop (VLLSx)"/>
      <bit_field_value name="PMCTRL_STOPM_0b101" value="0b101" description="Reserved"/>
      <bit_field_value name="PMCTRL_STOPM_0b110" value="0b110" description="Reseved"/>
      <bit_field_value name="PMCTRL_STOPM_0b111" value="0b111" description="Reserved"/>
    </bit_field>
    <bit_field offset="3" width="1" name="STOPA" access="RO" reset_value="0" description="Stop Aborted">
      <alias type="CMSIS" value="SMC_PMCTRL_STOPA(x)"/>
      <bit_field_value name="PMCTRL_STOPA_0b0" value="0b0" description="The previous stop mode entry was successsful."/>
      <bit_field_value name="PMCTRL_STOPA_0b1" value="0b1" description="The previous stop mode entry was aborted."/>
    </bit_field>
    <reserved_bit_field offset="4" width="1" reset_value="0"/>
    <bit_field offset="5" width="2" name="RUNM" access="RW" reset_value="0" description="Run Mode Control">
      <alias type="CMSIS" value="SMC_PMCTRL_RUNM(x)"/>
      <bit_field_value name="PMCTRL_RUNM_0b00" value="0b00" description="Normal Run mode (RUN)"/>
      <bit_field_value name="PMCTRL_RUNM_0b01" value="0b01" description="Reserved"/>
      <bit_field_value name="PMCTRL_RUNM_0b10" value="0b10" description="Very-Low-Power Run mode (VLPR)"/>
      <bit_field_value name="PMCTRL_RUNM_0b11" value="0b11" description="Reserved"/>
    </bit_field>
    <bit_field offset="7" width="1" name="LPWUI" access="RW" reset_value="0" description="Low-Power Wake Up On Interrupt">
      <alias type="CMSIS" value="SMC_PMCTRL_LPWUI(x)"/>
      <bit_field_value name="PMCTRL_LPWUI_0b0" value="0b0" description="The system remains in a VLP mode on an interrupt"/>
      <bit_field_value name="PMCTRL_LPWUI_0b1" value="0b1" description="The system exits to Normal RUN mode on an interrupt"/>
    </bit_field>
  </register>
  <register offset="0x2" width="8" name="VLLSCTRL" description="VLLS Control register">
    <alias type="CMSIS" value="VLLSCTRL"/>
    <bit_field offset="0" width="3" name="VLLSM" access="RW" reset_value="0x3" description="VLLS Mode Control">
      <alias type="CMSIS" value="SMC_VLLSCTRL_VLLSM(x)"/>
      <bit_field_value name="VLLSCTRL_VLLSM_0b000" value="0b000" description="VLLS0"/>
      <bit_field_value name="VLLSCTRL_VLLSM_0b001" value="0b001" description="VLLS1"/>
      <bit_field_value name="VLLSCTRL_VLLSM_0b010" value="0b010" description="VLLS2"/>
      <bit_field_value name="VLLSCTRL_VLLSM_0b011" value="0b011" description="VLLS3"/>
      <bit_field_value name="VLLSCTRL_VLLSM_0b100" value="0b100" description="Reserved"/>
      <bit_field_value name="VLLSCTRL_VLLSM_0b101" value="0b101" description="Reserved"/>
      <bit_field_value name="VLLSCTRL_VLLSM_0b110" value="0b110" description="Reserved"/>
      <bit_field_value name="VLLSCTRL_VLLSM_0b111" value="0b111" description="Reserved"/>
    </bit_field>
    <reserved_bit_field offset="3" width="1" reset_value="0"/>
    <reserved_bit_field offset="4" width="1" reset_value="0"/>
    <bit_field offset="5" width="1" name="PORPO" access="RW" reset_value="0" description="POR Power Option">
      <alias type="CMSIS" value="SMC_VLLSCTRL_PORPO(x)"/>
      <bit_field_value name="VLLSCTRL_PORPO_0b0" value="0b0" description="POR detect circuit is enabled in VLLS0."/>
      <bit_field_value name="VLLSCTRL_PORPO_0b1" value="0b1" description="POR detect circuit is disabled in VLLS0."/>
    </bit_field>
    <reserved_bit_field offset="6" width="2" reset_value="0"/>
  </register>
  <register offset="0x3" width="8" name="PMSTAT" description="Power Mode Status register">
    <alias type="CMSIS" value="PMSTAT"/>
    <bit_field offset="0" width="7" name="PMSTAT" access="RO" reset_value="0x1" description="When debug is enabled, the PMSTAT will not update to STOP or VLPS">
      <alias type="CMSIS" value="SMC_PMSTAT_PMSTAT(x)"/>
    </bit_field>
    <reserved_bit_field offset="7" width="1" reset_value="0"/>
  </register>
</regs:peripheral>