<?xml version="1.0"?>
<part:part_number xmlns:part="http://swtools.freescale.net/XSD/part_number/2.0" xmlns:xsi="http://www.w3.org/2001/XMLSchema-instance" xsi:schemaLocation="http://swtools.freescale.net/XSD/part_number/2.0 http://swtools.freescale.net/XSD/part_number/2.0/part_number.xsd" id="MK64FN1M0VLQ12">
  <db_link type="part_info" link="MK64FN1M0VLQ12/part_info.xml" format_version="1.0" description="Part information about NDA, depreciation etc."/>
  <db_link type="package" link="packages/LQFP144.xml" format_version="1.0" description="LQFP144 package definition"/>
  <db_link type="registers" link="MK64FN1M0VLQ12/registers/registers.xml" format_version="4.0" description="Register and clock gating definition, merged for all parts belonging to MK64FN1M0xxx12"/>
  <db_link type="peripherals_model" link="MK64FN1M0VLQ12/peripherals_model_info.xml" format_version="5.0" description="List of configuration steps used by the pins model"/>
  <db_link type="pins_model" link="MK64FN1M0VLQ12/signal_configuration.xml" format_version="5.0" description="Pins model - pinout and muxing definition"/>
  <db_link type="cores_info" link="common/cores_info.xml" format_version="1.0" description="Multi-cores information"/>
  <db_link type="clocks_model" link="clocks/TOP.xml" format_version="1.1" description="Clocks model - clock definition"/>
  <db_link type="clocks_scripts" link="scripts/clocks" format_version="1.1" description="Clocks model - clock scripts"/>
  <db_link type="module_clocks" link="MK64FN1M0VLQ12/module_clocks.xml" format_version="1.1" description="Clocks model - module definiton"/>
  <db_link type="sdk_features" link="common/sdk_features.xml" format_version="1.0" description="Sdk features list"/>
  <db_link type="cfg_components" link="$COMMON" format_version="1.0" description="Configuration components"/>
  <db_link type="resource_tables" link="MK64FN1M0VLQ12/resource_tables" format_version="1.0" description="Configuration components resource tables"/>
</part:part_number>